date,sector,symbol,portfolio_status,sector_rank,sector_count,sector_confidence,sector_confidence_note,evidence_warning,final_score,quantitative_score,scoring_model_version,active_axis_weight_pct,data_completeness_count,data_completeness_total,data_completeness_pct,data_completeness_label,news_score,news_label,trend_label,period_return_pct,daily_return_pct,valuation_score,profitability_score,liquidity_score,income_score,quality_score,quality_metric_count,quality_metric_total,quality_completeness_pct,quarterly_fiscal_period,quarterly_fiscal_end_date,quarterly_available_date,quarterly_date_basis,quarterly_age_days,quarterly_debt_to_equity,quarterly_roe,quarterly_current_ratio,quarterly_revenue_growth,quarterly_net_profit_growth,quarterly_quality_note,volatility_annualized_pct,volatility_observations,volatility_score,volatility_label,price_to_earnings,price_to_book,peg_ratio,eps,net_income_margin,dividend_yield,key_reason
2026-09-21,APPAREL,IMAGE,unknown,1,3,low,3 scored members; low peer-count confidence,quarterly quality unavailable; small sector peer group,85.19,85.19,v3_quarterly_quality,90,5,6,83.33,partial,,,down,-1.76,2.03,83.33,100,83.33,100,,0,5,0,Mar-26,2026-03-31,2026-07-25,scraped_at,174,23.71,17.59,3.38,1.38,18.21,,18.95,29,100,low,7.34,1.22,,3.49,17.93,7.79,-1.76% period return; PE 7.34; EPS 3.49; margin 17.93%
2026-09-21,APPAREL,INKL,unknown,2,3,low,3 scored members; low peer-count confidence,quarterly quality unavailable; small sector peer group,44.21,44.21,v3_quarterly_quality,90,0,6,0,low,,,strong_down,-9.95,-1.48,50,50,16.67,50,,0,5,0,,,,,,,,,,,,58.77,29,0,high,,,,,,,limited data 0/6; -9.95% period return
2026-09-21,APPAREL,STYLERS,unknown,3,3,low,3 scored members; low peer-count confidence,quarterly quality unavailable; small sector peer group,20.6,20.6,v3_quarterly_quality,90,5,6,83.33,partial,,,up,1.52,-1.88,16.67,0,50,0,,0,5,0,,,,,,,,,,,,36.42,29,50,moderate,21.98,1.8,,2.28,5.99,3,1.52% period return; PE 21.98; EPS 2.28; margin 5.99%
2026-09-21,AUTOMOBILE ASSEMBLER,GAL,unknown,1,7,moderate,7 scored members; moderate peer-count confidence,,68.43,68.43,v3_quarterly_quality,100,6,6,100,complete,,,strong_down,-12.9,-1.45,83.33,83.33,72.22,33.33,76.67,5,5,100,Mar-26,2026-03-31,2026-07-25,scraped_at,174,4.18,39.42,1.75,187.06,160.65,,35.97,29,0,high,4.77,1.49,0.01,112.58,13.64,2.23,strong quality 76.67 (5/5); -12.9% period return; PE 4.77; EPS 112.58
2026-09-21,AUTOMOBILE ASSEMBLER,SAZEW,unknown,2,7,moderate,7 scored members; moderate peer-count confidence,,63.83,63.83,v3_quarterly_quality,100,6,6,100,complete,,,strong_down,-6.1,-0.51,55.56,83.33,61.11,66.67,63.33,5,5,100,Mar-26,2026-03-31,2026-07-25,scraped_at,174,3.24,63.19,1.59,36.34,12.35,,29.15,29,50,moderate,4.48,2.46,0,390.51,12.31,4,-6.1% period return; PE 4.48; EPS 390.51; margin 12.31%
2026-09-21,AUTOMOBILE ASSEMBLER,HCAR,unknown,3,7,moderate,7 scored members; moderate peer-count confidence,,52.9,52.9,v3_quarterly_quality,100,6,6,100,complete,,,down,-2.13,-1.93,55.56,25,55.56,83.33,36.67,5,5,100,Mar-26,2026-03-31,2026-07-25,scraped_at,174,24.82,13.34,1.5,56.64,19.34,,30.54,29,16.67,high,6.53,1.2,32.55,34.25,3.68,4.02,-2.13% period return; PE 6.53; EPS 34.25; margin 3.68%
2026-09-21,AUTOMOBILE ASSEMBLER,MTL,unknown,4,7,moderate,7 scored members; moderate peer-count confidence,,52.53,52.53,v3_quarterly_quality,100,6,6,100,complete,,,flat,-0.16,-0.57,18.89,50,88.89,100,26.67,5,5,100,Mar-26,2026-03-31,2026-07-25,scraped_at,174,155.6,80.74,1.11,-9.24,3.31,,13.55,29,100,low,14.84,11.62,0.86,20.13,12.5,7.03,weak quality 26.67 (5/5); -0.16% period return; PE 14.84; EPS 20.13
2026-09-21,AUTOMOBILE ASSEMBLER,GHNI,unknown,5,7,moderate,7 scored members; moderate peer-count confidence,,50.26,50.26,v3_quarterly_quality,100,6,6,100,complete,,,strong_down,-15.84,-1.86,54.44,66.67,61.11,16.67,70,5,5,100,Mar-26,2026-03-31,2026-07-25,scraped_at,174,0.22,43.96,1.5,118.4,102.87,,30.52,29,33.33,moderate,6.62,2.05,0.02,162.57,11.42,1.12,strong quality 70 (5/5); -15.84% period return; PE 6.62; EPS 162.57
2026-09-21,AUTOMOBILE PARTS & ACCESSORIES,AGIL,unknown,1,8,moderate,8 scored members; moderate peer-count confidence,,72.57,72.57,v3_quarterly_quality,100,6,6,100,complete,,,down,-1.51,-1.42,66.67,83.33,61.9,66.67,90,5,5,100,Mar-26,2026-03-31,2026-07-25,scraped_at,174,21.59,13.94,1.8,57.36,2242.11,,36.05,29,14.29,high,4.42,0.74,0.34,33.43,6.92,3.38,strong quality 90 (5/5); -1.51% period return; PE 4.42; EPS 33.43
2026-09-21,AUTOMOBILE PARTS & ACCESSORIES,BWHL,unknown,2,8,moderate,8 scored members; moderate peer-count confidence,,71.23,71.23,v3_quarterly_quality,100,6,6,100,complete,,,down,-3.62,-1.77,50,83.33,42.86,100,86.67,5,5,100,Mar-26,2026-03-31,2026-07-25,scraped_at,174,0.52,16.44,5.6,14.6,29.04,,23.83,29,57.14,moderate,9.3,1.21,0.16,23.44,10.72,9.17,strong quality 86.67 (5/5); -3.62% period return; PE 9.3; EPS 23.44
2026-09-21,AUTOMOBILE PARTS & ACCESSORIES,PTL,unknown,3,8,moderate,8 scored members; moderate peer-count confidence,,58.44,58.44,v3_quarterly_quality,100,5,6,83.33,partial,,,down,-2.7,-1.2,47.22,50,61.9,83.33,46.67,5,5,100,Mar-26,2026-03-31,2026-07-25,scraped_at,174,151.8,13.5,1.01,10.89,422.71,,24.94,29,28.57,high,6.46,1,,7.8,3.6,7.94,-2.7% period return; PE 6.46; EPS 7.8; margin 3.6%
2026-09-21,AUTOMOBILE PARTS & ACCESSORIES,SLM,unknown,4,8,moderate,8 scored members; moderate peer-count confidence,quarterly quality unavailable,53.7,53.7,v3_quarterly_quality,90,0,6,0,low,,,down,-4.96,0.4,50,50,61.9,50,,0,5,0,,,,,,,,,,,,12.47,29,100,low,,,,,,,limited data 0/6; -4.96% period return
2026-09-21,AUTOMOBILE PARTS & ACCESSORIES,EXIDE,unknown,5,8,moderate,8 scored members; moderate peer-count confidence,,52.33,52.33,v3_quarterly_quality,100,5,6,83.33,partial,,,strong_down,-7.84,-1.13,58.33,66.67,23.81,50,40,5,5,100,Mar-26,2026-03-31,2026-07-25,scraped_at,174,79.02,6.07,1.59,-17.83,-29.64,,13.8,29,85.71,low,9.96,0.44,,43.18,1.88,1.16,-7.84% period return; PE 9.96; EPS 43.18; margin 1.88%
2026-09-21,CABLE & ELECTRICAL GOODS,PAEL,unknown,1,5,moderate,5 scored members; moderate peer-count confidence,,64.79,64.79,v3_quarterly_quality,100,6,6,100,complete,,,strong_down,-10.81,-1.48,50,50,91.67,100,75,5,5,100,Mar-26,2026-03-31,2026-07-25,scraped_at,174,40.64,8.35,2.04,26.26,57.33,,23.94,29,100,low,8.24,0.65,0.42,4.44,5.83,0,strong quality 75 (5/5); -10.81% period return; PE 8.24; EPS 4.44
2026-09-21,CABLE & ELECTRICAL GOODS,WAVES,unknown,2,5,moderate,5 scored members; moderate peer-count confidence,,64.42,64.42,v3_quarterly_quality,100,6,6,100,complete,,,strong_down,-12.56,-1.22,83.33,50,58.33,100,40,5,5,100,Mar-26,2026-03-31,2026-07-25,scraped_at,174,57.46,3.98,1.88,17.59,-55.67,,24.71,29,75,low,5.09,0.25,-0.72,1.75,10.1,0,-12.56% period return; PE 5.09; EPS 1.75; margin 10.1%
2026-09-21,CABLE & ELECTRICAL GOODS,FCL,unknown,3,5,moderate,5 scored members; moderate peer-count confidence,,53.96,53.96,v3_quarterly_quality,100,0,6,0,low,,,down,-2.93,0.66,50,50,58.33,50,25,5,5,100,Mar-26,2026-03-31,2026-07-25,scraped_at,174,91.28,9.32,1.32,-3.31,-18.54,,38.58,29,25,high,,,,,,,limited data 0/6; weak quality 25 (5/5); -2.93% period return
2026-09-21,CABLE & ELECTRICAL GOODS,SIEM,unknown,4,5,moderate,5 scored members; moderate peer-count confidence,,53.65,53.65,v3_quarterly_quality,100,6,6,100,complete,,,strong_up,9.5,-2.28,16.67,50,16.67,100,75,5,5,100,Mar-26,2026-03-31,2026-07-25,scraped_at,174,6.99,4.18,1.84,745.62,146.67,,30.71,29,50,moderate,373.53,2.28,-19.85,4.55,0.48,0,strong quality 75 (5/5); 9.5% period return; PE 373.53; EPS 4.55
2026-09-21,CABLE & ELECTRICAL GOODS,EMCO,unknown,5,5,moderate,5 scored members; moderate peer-count confidence,,43.19,43.19,v3_quarterly_quality,100,0,6,0,low,,,strong_down,-23.6,-0.46,50,50,25,50,35,5,5,100,Mar-26,2026-03-31,2026-07-25,scraped_at,174,58.93,2.86,1.42,13.22,272,,58.05,29,0,high,,,,,,,limited data 0/6; -23.6% period return
2026-09-21,CEMENT,LUCK,unknown,1,16,high,16 scored members; high peer-count confidence,,68.63,68.63,v3_quarterly_quality,100,6,6,100,complete,,,down,-4.16,1.24,58.42,89.29,73.33,64.29,52.31,5,5,100,Mar-26,2026-03-31,2026-07-25,scraped_at,174,47.39,21.57,1.81,12.95,12.54,,18.76,29,86.67,low,6.94,1.44,0.17,60.78,17.24,1.19,-4.16% period return; PE 6.94; EPS 60.78; margin 17.24%
2026-09-21,CEMENT,CHCC,unknown,2,16,high,16 scored members; high peer-count confidence,,64.02,64.02,v3_quarterly_quality,100,6,6,100,complete,,,strong_down,-9.7,2.66,44.41,89.29,68.89,71.43,53.85,5,5,100,Mar-26,2026-03-31,2026-07-25,scraped_at,174,13.51,20.62,2.58,-0.65,-4.23,,23.32,29,53.33,moderate,7.42,1.36,0.61,37.34,19.88,1.98,-9.7% period return; PE 7.42; EPS 37.34; margin 19.88%
2026-09-21,CEMENT,DGKC,unknown,3,16,high,16 scored members; high peer-count confidence,,63.02,63.02,v3_quarterly_quality,100,6,6,100,complete,,,strong_down,-10.1,-0.87,68.99,64.29,84.44,57.14,55.38,5,5,100,Mar-26,2026-03-31,2026-07-25,scraped_at,174,22.26,11.39,1.9,8.28,193.13,,25.59,29,46.67,moderate,7.27,0.7,0.25,26.98,13.49,0.51,-10.1% period return; PE 7.27; EPS 26.98; margin 13.49%
2026-09-21,CEMENT,FECTC,unknown,4,16,high,16 scored members; high peer-count confidence,,62.79,62.79,v3_quarterly_quality,100,6,6,100,complete,,,strong_down,-11.25,-0.19,84.95,39.29,24.44,100,60,5,5,100,Mar-26,2026-03-31,2026-07-25,scraped_at,174,25.14,16.34,1.75,15.83,31.29,,43.8,29,13.33,high,7.23,0.94,0.06,13.22,5.31,4.18,-11.25% period return; PE 7.23; EPS 13.22; margin 5.31%
2026-09-21,CEMENT,FCCL,unknown,5,16,high,16 scored members; high peer-count confidence,,60.97,60.97,v3_quarterly_quality,100,6,6,100,complete,,,strong_down,-6.58,-1.01,45.88,50,86.67,78.57,46.15,5,5,100,Mar-26,2026-03-31,2026-07-25,scraped_at,174,34.61,16.83,1.32,4.34,38.78,,20.14,29,80,low,8.84,1.41,0.08,5.99,16.04,2.83,-6.58% period return; PE 8.84; EPS 5.99; margin 16.04%
2026-09-21,CHEMICAL,DYNO,unknown,1,20,high,20 scored members; high peer-count confidence,,65.39,65.39,v3_quarterly_quality,100,6,6,100,complete,,,down,-2.91,-0.33,59.05,73.33,52.63,66.67,76.92,5,5,100,Mar-26,2026-03-31,2026-07-25,scraped_at,174,4.09,20.19,3.37,16.19,28.68,,15.84,29,84.21,low,5.75,1.1,0.74,57.58,7.21,4.68,strong quality 76.92 (5/5); -2.91% period return; PE 5.75; EPS 57.58
2026-09-21,CHEMICAL,GGL,unknown,2,20,high,20 scored members; high peer-count confidence,,61.64,61.64,v3_quarterly_quality,100,6,6,100,complete,,,strong_down,-11,-1.82,92.86,70,82.46,26.67,63.08,5,5,100,Mar-26,2026-03-31,2026-07-25,scraped_at,174,41.91,29.51,1.41,10.62,191.02,,44.02,29,26.32,high,2.04,0.88,0.04,9.78,31.53,0,-11% period return; PE 2.04; EPS 9.78; margin 31.53%
2026-09-21,CHEMICAL,WAHN,unknown,3,20,high,20 scored members; high peer-count confidence,,61.56,61.56,v3_quarterly_quality,100,6,6,100,complete,,,strong_down,-5.12,0.47,86.19,80,29.82,46.67,53.85,5,5,100,Mar-26,2026-03-31,2026-07-25,scraped_at,174,8.93,16.76,3.2,0.2,-0.43,,27.94,29,42.11,moderate,5.11,0.82,0.32,51.77,9.43,3.78,-5.12% period return; PE 5.11; EPS 51.77; margin 9.43%
2026-09-21,CHEMICAL,LOTCHEM,unknown,4,20,high,20 scored members; high peer-count confidence,,57.74,57.74,v3_quarterly_quality,100,6,6,100,complete,,,strong_down,-8.73,-1.45,47.62,30,71.93,100,69.23,5,5,100,Jun-26,2026-06-30,2026-07-25,scraped_at,83,12.77,22.2,1.79,0.4,284.98,,20.94,29,68.42,low,8.1,1.87,-5.94,3.1,5.49,25.92,-8.73% period return; PE 8.1; EPS 3.1; margin 5.49%
2026-09-21,CHEMICAL,ARPL,unknown,5,20,high,20 scored members; high peer-count confidence,,57.28,57.28,v3_quarterly_quality,100,6,6,100,complete,,,up,1.56,0.88,21.43,63.33,47.37,86.67,55.38,5,5,100,Mar-26,2026-03-31,2026-07-25,scraped_at,174,79.26,28.64,1.21,10.6,511.57,,27.94,29,47.37,moderate,9.57,2.84,66.93,46.47,5.66,12.36,1.56% period return; PE 9.57; EPS 46.47; margin 5.66%
2026-09-21,COMMERCIAL BANKS,FABL,unknown,1,3,low,3 scored members; low peer-count confidence,small sector peer group,59.17,59.17,v3_quarterly_quality,100,5,6,83.33,partial,,,down,-2.32,-0.19,66.67,50,66.67,50,83.33,3,5,60,Mar-26,2026-03-31,2026-07-25,scraped_at,174,,19.32,,5.31,0.24,,12.4,29,100,low,6.27,1.22,,15.03,11.28,6.89,strong quality 83.33 (3/5); -2.32% period return; PE 6.27; EPS 15.03
2026-09-21,COMMERCIAL BANKS,MEBL,unknown,2,3,low,3 scored members; low peer-count confidence,small sector peer group,50.42,50.42,v3_quarterly_quality,100,5,6,83.33,partial,,,down,-2.27,-0.37,16.67,100,83.33,0,66.67,3,5,60,Mar-26,2026-03-31,2026-07-25,scraped_at,174,,32.66,,-7.48,-8.8,,22.67,29,50,moderate,10.75,3.38,,51.25,19.32,5.35,-2.27% period return; PE 10.75; EPS 51.25; margin 19.32%
2026-09-21,COMMERCIAL BANKS,BIPL,unknown,3,3,low,3 scored members; low peer-count confidence,small sector peer group,40.42,40.42,v3_quarterly_quality,100,5,6,83.33,partial,,,strong_down,-10.39,0.16,66.67,0,0,100,0,3,5,60,Mar-26,2026-03-31,2026-07-25,scraped_at,174,,8.97,,-17.62,-61.81,,25.55,29,0,high,7.62,0.57,,3.27,4.69,11.03,weak quality 0 (3/5); -10.39% period return; PE 7.62; EPS 3.27
2026-09-21,ENGINEERING,CSAP,unknown,1,11,moderate,11 scored members; moderate peer-count confidence,,72.96,72.96,v3_quarterly_quality,100,6,6,100,complete,,,strong_down,-11.57,-0.3,79.17,93.75,56.67,87.5,60,5,5,100,Mar-26,2026-03-31,2026-07-25,scraped_at,174,16.64,4.46,2.23,-31.29,-20.36,,25.91,29,90,low,4.64,0.72,0.66,19.74,17.22,6,-11.57% period return; PE 4.64; EPS 19.74; margin 17.22%
2026-09-21,ENGINEERING,INIL,unknown,2,11,moderate,11 scored members; moderate peer-count confidence,,70.29,70.29,v3_quarterly_quality,100,6,6,100,complete,,,strong_down,-6.64,-0.22,72.5,75,70,75,65.4,5,5,100,Mar-26,2026-03-31,2026-07-25,scraped_at,174,39.41,7.41,1.27,32.3,83.84,,27.6,29,70,low,7.45,0.63,-1.36,21.92,2.4,4.29,-6.64% period return; PE 7.45; EPS 21.92; margin 2.4%
2026-09-21,ENGINEERING,ISL,unknown,3,11,moderate,11 scored members; moderate peer-count confidence,,68.74,68.74,v3_quarterly_quality,100,6,6,100,complete,,,strong_down,-11.22,-1.73,53.33,81.25,76.67,100,73.65,5,5,100,Mar-26,2026-03-31,2026-07-25,scraped_at,174,42.19,11.95,1.23,42.32,94.89,,36.81,29,40,moderate,9.6,1.32,-1.61,8.44,3.93,6.17,strong quality 73.65 (5/5); -11.22% period return; PE 9.6; EPS 8.44
2026-09-21,ENGINEERING,MUGHAL,unknown,4,11,moderate,11 scored members; moderate peer-count confidence,,55.88,55.88,v3_quarterly_quality,100,6,6,100,complete,,,strong_down,-12.02,0.09,55,56.25,76.67,62.5,58.41,5,5,100,Mar-26,2026-03-31,2026-07-25,scraped_at,174,102.57,8.83,1.33,-8.82,148.44,,23.35,29,100,low,11.61,0.64,0.79,5.95,2.81,2.89,-12.02% period return; PE 11.61; EPS 5.95; margin 2.81%
2026-09-21,ENGINEERING,BECO,unknown,5,11,moderate,11 scored members; moderate peer-count confidence,,46.93,46.93,v3_quarterly_quality,100,0,6,0,low,,,strong_down,-10.39,-0.9,50,50,63.33,50,47.22,4,5,80,Mar-26,2026-03-31,2026-07-25,scraped_at,174,,15.8,1.03,39.01,-12475,,36.81,29,50,moderate,,,,,,,limited data 0/6; -10.39% period return
2026-09-21,FERTILIZER,FFC,unknown,1,3,low,3 scored members; low peer-count confidence,small sector peer group,82.04,82.04,v3_quarterly_quality,100,6,6,100,complete,,,flat,-0.79,0.26,66.67,100,100,100,60,5,5,100,Mar-26,2026-03-31,2026-07-25,scraped_at,174,28.16,33.61,1.23,21.91,-3.55,,16.18,29,50,moderate,8.8,2.84,0.13,61.43,16.53,7.59,-0.79% period return; PE 8.8; EPS 61.43; margin 16.53%
2026-09-21,FERTILIZER,FATIMA,unknown,2,3,low,3 scored members; low peer-count confidence,small sector peer group,38.96,38.96,v3_quarterly_quality,100,6,6,100,complete,,,strong_down,-5.89,0.21,66.67,50,16.67,0,50,5,5,100,Mar-26,2026-03-31,2026-07-25,scraped_at,174,38.63,22.65,1.5,11.62,1.49,,15.73,29,100,low,6.86,1.69,0.18,21.7,15.66,6.39,-5.89% period return; PE 6.86; EPS 21.7; margin 15.66%
2026-09-21,FERTILIZER,EFERT,unknown,3,3,low,3 scored members; low peer-count confidence,small sector peer group,29,29,v3_quarterly_quality,100,6,6,100,complete,,,up,3.87,0.98,16.67,0,33.33,50,40,5,5,100,Mar-26,2026-03-31,2026-07-25,scraped_at,174,158.53,53.58,0.77,14.76,-1.49,,17.81,29,0,high,11.91,5.78,-1.58,15.94,9.36,6.45,3.87% period return; PE 11.91; EPS 15.94; margin 9.36%
2026-09-21,FOOD & PERSONAL CARE PRODUCTS,COLG,unknown,1,24,high,24 scored members; high peer-count confidence,,70.43,70.43,v3_quarterly_quality,100,6,6,100,complete,,,strong_down,-6.84,0.52,49.27,86.67,55.07,93.33,71.08,5,5,100,Mar-26,2026-03-31,2026-07-25,scraped_at,174,2.5,48.34,2.49,3.43,-7.88,,13.22,29,77.27,low,14.77,6.61,0.29,76.74,14.88,5.65,strong quality 71.08 (5/5); -6.84% period return; PE 14.77; EPS 76.74
2026-09-21,FOOD & PERSONAL CARE PRODUCTS,UPFL,unknown,2,24,high,24 scored members; high peer-count confidence,,62.41,62.41,v3_quarterly_quality,100,6,6,100,complete,,,flat,-0.68,-0.33,17.4,100,44.93,86.67,59.38,2,5,40,Mar-26,2026-03-31,2026-07-25,scraped_at,174,,,,22.21,-6.5,,19.84,29,59.09,moderate,22.13,22.06,0.75,1129.54,15.56,5.45,-0.68% period return; PE 22.13; EPS 1129.54; margin 15.56%
2026-09-21,FOOD & PERSONAL CARE PRODUCTS,NESTLE,unknown,3,24,high,24 scored members; high peer-count confidence,,61.22,61.22,v3_quarterly_quality,100,6,6,100,complete,,,down,-1.45,0.11,17.03,80,53.62,100,58.21,5,5,100,Jun-26,2026-06-30,2026-07-25,scraped_at,83,10.73,75.51,0.88,9.63,10.78,,7.12,29,90.91,low,20.01,17.11,1.44,370.4,8.2,7.38,-1.45% period return; PE 20.01; EPS 370.4; margin 8.2%
2026-09-21,FOOD & PERSONAL CARE PRODUCTS,RMPL,unknown,4,24,high,24 scored members; high peer-count confidence,,60.23,60.23,v3_quarterly_quality,100,6,6,100,complete,,,down,-2.3,-0.54,40.48,90,36.23,80,51.9,5,5,100,Mar-26,2026-03-31,2026-07-25,scraped_at,174,27.78,22.4,1.85,2.53,-13.25,,10.82,29,86.36,low,12.26,2.68,8.26,734.36,9.04,4.82,-2.3% period return; PE 12.26; EPS 734.36; margin 9.04%
2026-09-21,FOOD & PERSONAL CARE PRODUCTS,PREMA,unknown,5,24,high,24 scored members; high peer-count confidence,,59.4,59.4,v3_quarterly_quality,100,6,6,100,complete,,,strong_down,-14.74,-2.05,73.26,63.33,59.42,53.33,64.1,5,5,100,Mar-26,2026-03-31,2026-07-25,scraped_at,174,23.25,9.44,1.39,16.81,29.13,,51.35,29,13.64,high,11.91,1.17,0.26,2.73,9.01,0,-14.74% period return; PE 11.91; EPS 2.73; margin 9.01%
2026-09-21,GLASS & CERAMICS,GHGL,unknown,1,7,moderate,7 scored members; moderate peer-count confidence,,85.89,85.89,v3_quarterly_quality,100,6,6,100,complete,,,down,-4.58,0.07,80.56,87.5,77.78,100,86,5,5,100,Mar-26,2026-03-31,2026-07-25,scraped_at,174,0.09,15.69,2.75,4.32,-0.02,,29.62,29,33.33,moderate,5.56,0.95,0.2,7.23,14.94,8.71,strong quality 86 (5/5); -4.58% period return; PE 5.56; EPS 7.23
2026-09-21,GLASS & CERAMICS,TGL,unknown,2,7,moderate,7 scored members; moderate peer-count confidence,,59.86,59.86,v3_quarterly_quality,100,6,6,100,complete,,,strong_down,-8.12,-2.15,50,75,61.11,75,50,2,5,40,Mar-26,2026-03-31,2026-07-25,scraped_at,174,,,,-4.37,-4.33,,21.04,29,83.33,low,6.75,1.16,0.22,24.49,13.38,4.23,-8.12% period return; PE 6.75; EPS 24.49; margin 13.38%
2026-09-21,GLASS & CERAMICS,KCL,unknown,3,7,moderate,7 scored members; moderate peer-count confidence,,51.29,51.29,v3_quarterly_quality,100,0,6,0,low,,,strong_up,21.87,-0.18,50,50,50,50,6.67,5,5,100,Mar-26,2026-03-31,2026-07-25,scraped_at,174,346.72,-948.91,0.47,-22.12,-27.29,,54.31,29,16.67,high,,,,,,,limited data 0/6; weak quality 6.67 (5/5); 21.87% period return
2026-09-21,GLASS & CERAMICS,GVGL,unknown,4,7,moderate,7 scored members; moderate peer-count confidence,,49.08,49.08,v3_quarterly_quality,100,5,6,83.33,partial,,,flat,-0.6,-3.11,27.78,62.5,38.89,50,82.5,4,5,80,Mar-26,2026-03-31,2026-07-25,scraped_at,174,,21.2,1.98,13.59,-4.69,,23.8,29,50,moderate,8.31,1.56,,6.57,14.14,3.66,strong quality 82.5 (4/5); -0.6% period return; PE 8.31; EPS 6.57
2026-09-21,GLASS & CERAMICS,FRCL,unknown,5,7,moderate,7 scored members; moderate peer-count confidence,,45.75,45.75,v3_quarterly_quality,100,0,6,0,low,,,strong_down,-22.75,-0.5,50,50,16.67,50,40.83,4,5,80,Mar-26,2026-03-31,2026-07-25,scraped_at,174,,12.62,0.77,11.07,-1112,,57.28,29,0,high,,,,,,,limited data 0/6; -22.75% period return
2026-09-21,INSURANCE,PQGTL,unknown,1,2,low,2 scored members; low peer-count confidence,quarterly quality unavailable; small sector peer group,52.31,52.31,v3_quarterly_quality,90,0,6,0,low,,,strong_down,-9,-0.54,50,50,33.33,50,,0,5,0,,,,,,,,,,,,24,29,0,high,,,,,,,limited data 0/6; -9% period return
2026-09-21,INSURANCE,PAKQATAR,unknown,2,2,low,2 scored members; low peer-count confidence,quarterly quality unavailable; small sector peer group,47.69,47.69,v3_quarterly_quality,90,0,6,0,low,,,strong_down,-14.08,0.71,50,50,66.67,50,,0,5,0,,,,,,,,,,,,20.03,29,100,low,,,,,,,limited data 0/6; -14.08% period return
2026-09-21,INV. BANKS / INV. COS. / SECURITIES COS.,ENGROH,unknown,1,1,low,1 scored members; low peer-count confidence,quarterly quality unavailable; volatility history insufficient; small sector peer group,50,50,v3_quarterly_quality,90,5,6,83.33,partial,,,flat,-0.08,0.06,50,50,50,50,,0,5,0,Mar-26,2026-03-31,2026-07-25,scraped_at,174,134.15,39.96,0.88,56.06,200.48,,14.97,29,,unknown,8.07,,0.48,32.62,6.44,0,-0.08% period return; PE 8.07; EPS 32.62; margin 6.44%
2026-09-21,LEATHER & TANNERIES,SGF,unknown,1,4,low,4 scored members; low peer-count confidence,small sector peer group,68.47,68.47,v3_quarterly_quality,100,6,6,100,complete,,,strong_down,-7.21,-4.88,66.67,75,55.56,100,50,5,5,100,Mar-26,2026-03-31,2026-07-25,scraped_at,174,109.95,28.57,1.04,8.2,189.19,,47.53,29,66.67,moderate,6.74,2.11,0.39,15.81,17.64,1.88,-7.21% period return; PE 6.74; EPS 15.81; margin 17.64%
2026-09-21,LEATHER & TANNERIES,LEUL,unknown,2,4,low,4 scored members; low peer-count confidence,quarterly quality unavailable; small sector peer group,58.95,58.95,v3_quarterly_quality,90,0,6,0,low,,,strong_up,63.23,9.99,50,50,55.56,50,,0,5,0,,,,,,,,,,,,95.87,29,33.33,moderate,,,,,,,limited data 0/6; 63.23% period return
2026-09-21,LEATHER & TANNERIES,SRVI,unknown,3,4,low,4 scored members; low peer-count confidence,small sector peer group,50.61,50.61,v3_quarterly_quality,100,6,6,100,complete,,,strong_down,-17.82,-0.13,33.33,75,77.78,50,70,5,5,100,Mar-26,2026-03-31,2026-07-25,scraped_at,174,161.89,47.78,1.1,23.48,160.34,,267.5,29,0,high,11.09,2.72,0.11,15.95,6.13,0.99,strong quality 70 (5/5); -17.82% period return; PE 11.09; EPS 15.95
2026-09-21,LEATHER & TANNERIES,BATA,unknown,4,4,low,4 scored members; low peer-count confidence,small sector peer group,22.86,22.86,v3_quarterly_quality,100,6,6,100,complete,,,down,-3.79,0.79,50,0,11.11,0,30,5,5,100,Mar-26,2026-03-31,2026-07-25,scraped_at,174,102.55,-66.17,1.09,-4.6,-414.59,,8.91,29,100,low,-2.64,2.18,0.15,-325.72,-13.32,0,weak quality 30 (5/5); -3.79% period return; PE -2.64; EPS -325.72
2026-09-21,MISCELLANEOUS,ECOP,unknown,1,12,moderate,12 scored members; moderate peer-count confidence,,70.81,70.81,v3_quarterly_quality,100,6,6,100,complete,,,down,-1.4,-4.45,88.89,50,69.7,100,48,5,5,100,Mar-26,2026-03-31,2026-07-25,scraped_at,174,70.11,21.56,1.11,-3.15,1.36,,53.23,29,60,moderate,5.72,1.19,0.12,8.6,6.37,6.1,-1.4% period return; PE 5.72; EPS 8.6; margin 6.37%
2026-09-21,MISCELLANEOUS,SHFA,unknown,2,12,moderate,12 scored members; moderate peer-count confidence,,64.89,64.89,v3_quarterly_quality,100,6,6,100,complete,,,strong_down,-9.67,3.72,55.56,83.33,69.7,66.67,65.33,5,5,100,Mar-26,2026-03-31,2026-07-25,scraped_at,174,13.32,14.19,1.3,11.81,22.07,,22.08,29,90,low,11.19,1.61,0.22,39.85,8.05,1.12,-9.67% period return; PE 11.19; EPS 39.85; margin 8.05%
2026-09-21,MISCELLANEOUS,TISL,unknown,3,12,moderate,12 scored members; moderate peer-count confidence,quarterly quality unavailable; volatility history insufficient,60.35,60.35,v3_quarterly_quality,90,0,6,0,low,,,strong_up,38.12,21.36,50,50,81.82,50,,0,5,0,,,,,,,,,,,,,18,,unknown,,,,,,,limited data 0/6; 38.12% period return
2026-09-21,MISCELLANEOUS,MWMP,unknown,4,12,moderate,12 scored members; moderate peer-count confidence,quarterly quality unavailable,55.98,55.98,v3_quarterly_quality,90,0,6,0,low,,,strong_up,76.93,4.86,50,50,69.7,50,,0,5,0,,,,,,,,,,,,78.9,29,10,high,,,,,,,limited data 0/6; 76.93% period return
2026-09-21,MISCELLANEOUS,UDPL,unknown,5,12,moderate,12 scored members; moderate peer-count confidence,,50.55,50.55,v3_quarterly_quality,100,0,6,0,low,,,strong_down,-7.97,-2.37,50,50,54.55,50,68,5,5,100,Mar-26,2026-03-31,2026-07-25,scraped_at,174,8.65,89.11,2.33,-21.87,-11.05,,21.19,29,100,low,,,,,,,limited data 0/6; -7.97% period return
2026-09-21,MODARABAS,FHAM,unknown,1,19,high,19 scored members; high peer-count confidence,quarterly quality unavailable,73.56,73.56,v3_quarterly_quality,90,6,6,100,complete,,,strong_down,-5.8,-1.4,100,87.5,70.37,50,,0,5,0,,,,,,,,,,,,16.87,29,94.44,low,4.59,0.55,0.11,6.75,14.8,7.26,-5.8% period return; PE 4.59; EPS 6.75; margin 14.8%
2026-09-21,MODARABAS,OLPM,unknown,2,19,high,19 scored members; high peer-count confidence,quarterly quality unavailable,73.05,73.05,v3_quarterly_quality,90,6,6,100,complete,,,strong_up,7.2,-0.7,61.11,62.5,79.63,100,,0,5,0,,,,,,,,,,,,24.77,29,88.89,low,7.57,0.89,-1.74,3.54,10.53,9.33,7.2% period return; PE 7.57; EPS 3.54; margin 10.53%
2026-09-21,MODARABAS,PIM,unknown,3,19,high,19 scored members; high peer-count confidence,quarterly quality unavailable,54.24,54.24,v3_quarterly_quality,90,0,6,0,low,,,strong_up,20.96,4.17,50,50,44.44,50,,0,5,0,,,,,,,,,,,,141.74,29,5.56,high,,,,,,,limited data 0/6; 20.96% period return
2026-09-21,MODARABAS,FTSM,unknown,4,19,high,19 scored members; high peer-count confidence,quarterly quality unavailable,53.63,53.63,v3_quarterly_quality,90,0,6,0,low,,,strong_down,-8.88,6.28,50,50,55.56,50,,0,5,0,,,,,,,,,,,,129.14,29,11.11,high,,,,,,,limited data 0/6; -8.88% period return
2026-09-21,MODARABAS,SINDM,unknown,5,19,high,19 scored members; high peer-count confidence,quarterly quality unavailable,53.34,53.34,v3_quarterly_quality,90,0,6,0,low,,,strong_up,16.77,2.83,50,50,42.59,50,,0,5,0,,,,,,,,,,,,73.77,29,38.89,moderate,,,,,,,limited data 0/6; 16.77% period return
2026-09-21,OIL & GAS EXPLORATION COMPANIES,OGDC,unknown,1,3,low,3 scored members; low peer-count confidence,small sector peer group,71.88,71.88,v3_quarterly_quality,100,6,6,100,complete,,,down,-4.11,-0.47,50,75,50,100,62.5,4,5,80,Mar-26,2026-03-31,2026-07-25,scraped_at,174,,11.26,9.52,-8.45,-7.12,,20.5,29,50,moderate,5.63,0.9,0.45,56.35,53.96,5.35,-4.11% period return; PE 5.63; EPS 56.35; margin 53.96%
2026-09-21,OIL & GAS EXPLORATION COMPANIES,PPL,unknown,2,3,low,3 scored members; low peer-count confidence,small sector peer group,40.08,40.08,v3_quarterly_quality,100,5,6,83.33,partial,,,strong_down,-7.03,-0.7,66.67,0,66.67,50,30,5,5,100,Mar-26,2026-03-31,2026-07-25,scraped_at,174,0.21,10.85,4.61,-9.39,-12.05,,28.83,29,0,high,6.36,0.8,,35.9,36.68,5.25,weak quality 30 (5/5); -7.03% period return; PE 6.36; EPS 35.9
2026-09-21,OIL & GAS EXPLORATION COMPANIES,MARI,unknown,3,3,low,3 scored members; low peer-count confidence,small sector peer group,38.29,38.29,v3_quarterly_quality,100,6,6,100,complete,,,strong_down,-5.34,-0.16,33.33,75,33.33,0,60,5,5,100,Mar-26,2026-03-31,2026-07-25,scraped_at,174,3.56,25.08,2.83,6.37,-4.88,,15.64,29,100,low,8.79,2.37,0.39,72.36,45.33,4.25,-5.34% period return; PE 8.79; EPS 72.36; margin 45.33%
2026-09-21,OIL & GAS MARKETING COMPANIES,PSO,unknown,1,7,moderate,7 scored members; moderate peer-count confidence,,76.43,76.43,v3_quarterly_quality,100,6,6,100,complete,,,strong_down,-6.9,0.6,100,83.33,83.33,66.67,56,5,5,100,Mar-26,2026-03-31,2026-07-25,scraped_at,174,128.97,16.66,0.99,-5.67,146.72,,33.06,29,50,moderate,3.77,0.56,0.03,92.73,1.35,2.86,-6.9% period return; PE 3.77; EPS 92.73; margin 1.35%
2026-09-21,OIL & GAS MARKETING COMPANIES,SNGP,unknown,2,7,moderate,7 scored members; moderate peer-count confidence,,60.27,60.27,v3_quarterly_quality,100,6,6,100,complete,,,strong_down,-12.18,-1.44,55.56,50,77.78,100,36,5,5,100,Mar-26,2026-03-31,2026-07-25,scraped_at,174,282.41,19.43,0.94,-15.41,-20.88,,24.92,29,100,low,3.96,0.73,-0.71,22.94,1.17,3.3,-12.18% period return; PE 3.96; EPS 22.94; margin 1.17%
2026-09-21,OIL & GAS MARKETING COMPANIES,BPL,unknown,3,7,moderate,7 scored members; moderate peer-count confidence,,54.3,54.3,v3_quarterly_quality,100,0,6,0,low,,,strong_up,10.44,1.09,50,50,22.22,50,52,5,5,100,Mar-26,2026-03-31,2026-07-25,scraped_at,174,69.79,49.16,0.64,74.83,-279.25,,59.36,29,0,high,,,,,,,limited data 0/6; 10.44% period return
2026-09-21,OIL & GAS MARKETING COMPANIES,SPSL,unknown,4,7,moderate,7 scored members; moderate peer-count confidence,quarterly quality unavailable,52.01,52.01,v3_quarterly_quality,90,0,6,0,low,,,flat,-0.54,-2.83,50,50,55.56,50,,0,5,0,,,,,,,,,,,,36.55,29,16.67,high,,,,,,,limited data 0/6; -0.54% period return
2026-09-21,OIL & GAS MARKETING COMPANIES,WAFI,unknown,5,7,moderate,7 scored members; moderate peer-count confidence,,48.17,48.17,v3_quarterly_quality,100,0,6,0,low,,,strong_down,-10.24,1.42,50,50,22.22,50,72,5,5,100,Mar-26,2026-03-31,2026-07-25,scraped_at,174,63.31,19.5,0.96,20.02,25.38,,29.62,29,83.33,low,,,,,,,limited data 0/6; strong quality 72 (5/5); -10.24% period return
2026-09-21,"PAPER, BOARD & PACKAGING",PPP,unknown,1,10,moderate,10 scored members; moderate peer-count confidence,quarterly quality unavailable,73.87,73.87,v3_quarterly_quality,90,6,6,100,complete,,,up,2.71,-0.76,72.78,81.25,37.04,87.5,,0,5,0,,,,,,,,,,,,79.58,29,11.11,high,6.99,0.62,0.28,20.73,8.67,5.52,2.71% period return; PE 6.99; EPS 20.73; margin 8.67%
2026-09-21,"PAPER, BOARD & PACKAGING",IPAK,unknown,2,10,moderate,10 scored members; moderate peer-count confidence,,72.09,72.09,v3_quarterly_quality,100,5,6,83.33,partial,,,strong_down,-7.46,-0.11,54.17,75,77.78,100,61.9,3,5,60,Mar-26,2026-03-31,2026-07-25,scraped_at,174,,13.68,,16.65,-393.74,,47.36,29,22.22,high,5.27,1.75,,6.73,11.74,5.64,-7.46% period return; PE 5.27; EPS 6.73; margin 11.74%
2026-09-21,"PAPER, BOARD & PACKAGING",CPPL,unknown,3,10,moderate,10 scored members; moderate peer-count confidence,,66.74,66.74,v3_quarterly_quality,100,6,6,100,complete,,,strong_down,-7.12,0.61,62.5,68.75,59.26,75,51.9,5,5,100,Mar-26,2026-03-31,2026-07-25,scraped_at,174,44.82,0.82,1.72,10.36,-82.59,,44.64,29,33.33,moderate,7.72,0.51,-2.26,13.26,4.31,3.91,-7.12% period return; PE 7.72; EPS 13.26; margin 4.31%
2026-09-21,"PAPER, BOARD & PACKAGING",SPEL,unknown,4,10,moderate,10 scored members; moderate peer-count confidence,,61.79,61.79,v3_quarterly_quality,100,6,6,100,complete,,,strong_down,-5.72,0,57.22,75,51.85,62.5,77.14,5,5,100,Mar-26,2026-03-31,2026-07-25,scraped_at,174,10.93,19.23,3.26,3.92,16.01,,33.08,29,55.56,moderate,7.21,1.16,0.23,5.9,12.08,2.35,strong quality 77.14 (5/5); -5.72% period return; PE 7.21; EPS 5.9
2026-09-21,"PAPER, BOARD & PACKAGING",GEMPAPL,unknown,5,10,moderate,10 scored members; moderate peer-count confidence,quarterly quality unavailable,48.15,48.15,v3_quarterly_quality,90,0,6,0,low,,,up,4.76,-2.22,50,50,33.33,50,,0,5,0,,,,,,,,,,,,32.49,29,66.67,moderate,,,,,,,limited data 0/6; 4.76% period return
2026-09-21,PHARMACEUTICALS,GLAXO,unknown,1,14,moderate,14 scored members; moderate peer-count confidence,,74.29,74.29,v3_quarterly_quality,100,6,6,100,complete,,,strong_down,-5.39,0.5,75.76,72.73,66.67,90.91,64.36,5,5,100,Mar-26,2026-03-31,2026-07-25,scraped_at,174,1.13,32.59,2.14,10.13,29.79,,18.3,29,69.23,low,9.87,2.98,0.18,32.69,15.51,5.89,-5.39% period return; PE 9.87; EPS 32.69; margin 15.51%
2026-09-21,PHARMACEUTICALS,HPL,unknown,2,14,moderate,14 scored members; moderate peer-count confidence,,67.51,67.51,v3_quarterly_quality,100,6,6,100,complete,,,down,-2.16,-1.12,53.64,81.82,20.51,100,61.64,5,5,100,Mar-26,2026-03-31,2026-07-25,scraped_at,174,3.62,38.81,1.62,10.74,48.22,,15.03,29,84.62,low,10.13,4.44,0.22,388.64,11.95,6.1,-2.16% period return; PE 10.13; EPS 388.64; margin 11.95%
2026-09-21,PHARMACEUTICALS,HINOON,unknown,3,14,moderate,14 scored members; moderate peer-count confidence,,65.79,65.79,v3_quarterly_quality,100,6,6,100,complete,,,down,-3.76,0.05,37.88,81.82,61.54,81.82,53.27,5,5,100,Mar-26,2026-03-31,2026-07-25,scraped_at,174,4.4,33.44,3.01,7.98,22.1,,17.33,29,76.92,low,12.55,3.86,0.29,74.76,14,5.33,-3.76% period return; PE 12.55; EPS 74.76; margin 14%
2026-09-21,PHARMACEUTICALS,ABOT,unknown,4,14,moderate,14 scored members; moderate peer-count confidence,,61.35,61.35,v3_quarterly_quality,100,6,6,100,complete,,,up,1.91,0.45,52.42,68.18,46.15,54.55,69.64,5,5,100,Mar-26,2026-03-31,2026-07-25,scraped_at,174,1.55,27.67,2.21,9.01,56.29,,19.47,29,46.15,moderate,10.62,2.83,0.76,87.47,11.12,4.31,1.91% period return; PE 10.62; EPS 87.47; margin 11.12%
2026-09-21,PHARMACEUTICALS,HALEON,unknown,5,14,moderate,14 scored members; moderate peer-count confidence,,57.37,57.37,v3_quarterly_quality,100,6,6,100,complete,,,down,-3.58,-0.54,48.18,86.36,51.28,54.55,50.91,5,5,100,Mar-26,2026-03-31,2026-07-25,scraped_at,174,1.78,46.61,1.51,8.63,24.12,,14.69,29,92.31,low,12.35,5.02,0.21,56.41,16.05,4.31,-3.58% period return; PE 12.35; EPS 56.41; margin 16.05%
2026-09-21,POWER GENERATION & DISTRIBUTION,HUBC,unknown,1,7,moderate,7 scored members; moderate peer-count confidence,,67.67,67.67,v3_quarterly_quality,100,6,6,100,complete,,,down,-1.95,-0.72,50,100,83.33,66.67,60,5,5,100,Mar-26,2026-03-31,2026-07-25,scraped_at,174,30.86,20.57,1.55,-30.45,-14.03,,19.46,29,100,low,5.32,1.12,-3.48,38.26,69.78,9.83,-1.95% period return; PE 5.32; EPS 38.26; margin 69.78%
2026-09-21,POWER GENERATION & DISTRIBUTION,KOHE,unknown,2,7,moderate,7 scored members; moderate peer-count confidence,,61.1,61.1,v3_quarterly_quality,100,6,6,100,complete,,,down,-1.27,1.11,83.33,66.67,38.89,33.33,70,5,5,100,Mar-26,2026-03-31,2026-07-25,scraped_at,174,17.97,15.65,2.79,-19.16,-26.43,,35.2,29,33.33,moderate,3.94,0.58,-0.38,3.94,15.83,0,strong quality 70 (5/5); -1.27% period return; PE 3.94; EPS 3.94
2026-09-21,POWER GENERATION & DISTRIBUTION,GEMMEL,unknown,3,7,moderate,7 scored members; moderate peer-count confidence,quarterly quality unavailable,55.17,55.17,v3_quarterly_quality,90,0,6,0,low,,,strong_up,44.42,10.77,50,50,27.78,50,,0,5,0,,,,,,,,,,,,69.44,29,16.67,high,,,,,,,limited data 0/6; 44.42% period return
2026-09-21,POWER GENERATION & DISTRIBUTION,EPQL,unknown,4,7,moderate,7 scored members; moderate peer-count confidence,,54.61,54.61,v3_quarterly_quality,100,6,6,100,complete,,,down,-2.05,-0.13,50,33.33,44.44,100,60,5,5,100,Mar-26,2026-03-31,2026-07-25,scraped_at,174,17.52,5.12,1.48,-9.89,-68.99,,23.05,29,66.67,moderate,10.71,0.67,-4.6,2.23,5.69,11.51,-2.05% period return; PE 10.71; EPS 2.23; margin 5.69%
2026-09-21,POWER GENERATION & DISTRIBUTION,SGPL,unknown,5,7,moderate,7 scored members; moderate peer-count confidence,quarterly quality unavailable,49.07,49.07,v3_quarterly_quality,90,0,6,0,low,,,down,-3.83,-2.89,50,50,66.67,50,,0,5,0,,,,,,,,,,,,211.26,29,0,high,,,,,,,limited data 0/6; -3.83% period return
2026-09-21,PROPERTY,JVDC,unknown,1,2,low,2 scored members; low peer-count confidence,quarterly quality unavailable; small sector peer group,63.89,63.89,v3_quarterly_quality,90,6,6,100,complete,,,flat,0.08,1.37,50,50,100,50,,0,5,0,Mar-26,2026-03-31,2026-07-25,scraped_at,174,24.84,15.4,1.62,54.82,68.62,,31.22,29,100,low,14.08,1.82,-0.01,10.27,21.65,4.15,0.08% period return; PE 14.08; EPS 10.27; margin 21.65%
2026-09-21,PROPERTY,BRRG,unknown,2,2,low,2 scored members; low peer-count confidence,quarterly quality unavailable; small sector peer group,39.81,39.81,v3_quarterly_quality,90,0,6,0,low,,,strong_down,-8.97,-0.97,50,50,33.33,50,,0,5,0,,,,,,,,,,,,35.62,29,0,high,,,,,,,limited data 0/6; -8.97% period return
2026-09-21,REAL ESTATE INVESTMENT TRUST,DCR,unknown,1,5,moderate,5 scored members; moderate peer-count confidence,quarterly quality unavailable,56.13,56.13,v3_quarterly_quality,90,5,6,83.33,partial,,,flat,0.89,-0.28,50,50,58.33,50,,0,5,0,,,,,,,,,,,,14.75,29,66.67,moderate,17.18,1.16,,2.31,78.71,6.5,0.89% period return; PE 17.18; EPS 2.31; margin 78.71%
2026-09-21,REAL ESTATE INVESTMENT TRUST,SRR,unknown,2,5,moderate,5 scored members; moderate peer-count confidence,quarterly quality unavailable,51.39,51.39,v3_quarterly_quality,90,0,6,0,low,,,up,3.92,-0.18,50,50,25,50,,0,5,0,,,,,,,,,,,,14.71,29,100,low,,,,,,,limited data 0/6; 3.92% period return
2026-09-21,REAL ESTATE INVESTMENT TRUST,TPLRF1,unknown,3,5,moderate,5 scored members; moderate peer-count confidence,quarterly quality unavailable,48.5,48.5,v3_quarterly_quality,90,0,6,0,low,,,down,-3.93,-2.52,50,50,83.33,50,,0,5,0,,,,,,,,,,,,23.6,29,0,high,,,,,,,limited data 0/6; -3.93% period return
2026-09-21,REAL ESTATE INVESTMENT TRUST,NNAR,unknown,4,5,moderate,5 scored members; moderate peer-count confidence,quarterly quality unavailable; volatility history insufficient,47.92,47.92,v3_quarterly_quality,90,0,6,0,low,,,down,-3.52,-2.39,50,50,50,50,,0,5,0,,,,,,,,,,,,,1,,unknown,,,,,,,limited data 0/6; -3.52% period return
2026-09-21,REAL ESTATE INVESTMENT TRUST,IREIT,unknown,5,5,moderate,5 scored members; moderate peer-count confidence,quarterly quality unavailable,46.06,46.06,v3_quarterly_quality,90,0,6,0,low,,,flat,-0.88,-0.5,50,50,33.33,50,,0,5,0,,,,,,,,,,,,21.6,29,33.33,moderate,,,,,,,limited data 0/6; -0.88% period return
2026-09-21,REFINERY,ATRL,unknown,1,4,low,4 scored members; low peer-count confidence,small sector peer group,76.53,76.53,v3_quarterly_quality,100,6,6,100,complete,,,up,2.3,3.24,61.11,100,66.67,100,58.33,4,5,80,Mar-26,2026-03-31,2026-07-25,scraped_at,174,,13.37,1.96,-12.38,148.1,,51.67,29,100,low,4.63,0.65,-0.01,244.45,7.63,1.55,2.3% period return; PE 4.63; EPS 244.45; margin 7.63%
2026-09-21,REFINERY,PRL,unknown,2,4,low,4 scored members; low peer-count confidence,small sector peer group,59.97,59.97,v3_quarterly_quality,100,6,6,100,complete,,,flat,0.21,4.98,66.67,50,55.56,66.67,56.67,5,5,100,Mar-26,2026-03-31,2026-07-25,scraped_at,174,99.64,39.5,1.08,-0.34,-307.08,,82.71,29,0,high,3.47,1.28,0.02,25.05,4.5,0,0.21% period return; PE 3.47; EPS 25.05; margin 4.5%
2026-09-21,REFINERY,CNERGY,unknown,3,4,low,4 scored members; low peer-count confidence,small sector peer group,45.83,45.83,v3_quarterly_quality,100,6,6,100,complete,,,strong_down,-6.77,1.93,61.11,16.67,55.56,66.67,33.33,5,5,100,Mar-26,2026-03-31,2026-07-25,scraped_at,174,11.58,7.14,0.78,11.87,-2235.8,,66.51,29,66.67,moderate,4.75,0.32,0.08,2.78,4.49,0,-6.77% period return; PE 4.75; EPS 2.78; margin 4.49%
2026-09-21,REFINERY,NRL,unknown,4,4,low,4 scored members; low peer-count confidence,small sector peer group,37.83,37.83,v3_quarterly_quality,100,6,6,100,complete,,,up,4.37,1.54,11.11,33.33,22.22,66.67,53.33,5,5,100,Mar-26,2026-03-31,2026-07-25,scraped_at,174,114.88,16.31,0.82,25.2,-138.19,,70.94,29,33.33,moderate,6.85,0.75,0.12,77.09,1.4,0,4.37% period return; PE 6.85; EPS 77.09; margin 1.4%
2026-09-21,SUGAR & ALLIED INDUSTRIES,MRNS,unknown,1,18,high,18 scored members; high peer-count confidence,,74.62,74.62,v3_quarterly_quality,100,5,6,83.33,partial,,,down,-1.43,-2.26,61.76,91.18,84.31,100,63.33,5,5,100,Mar-26,2026-03-31,2026-07-25,scraped_at,174,64.9,36.16,1.38,-17.92,-317.43,,32.79,29,58.82,moderate,3.2,0.93,,19.23,11.82,10.57,-1.43% period return; PE 3.2; EPS 19.23; margin 11.82%
2026-09-21,SUGAR & ALLIED INDUSTRIES,JDWS,unknown,2,18,high,18 scored members; high peer-count confidence,,70.94,70.94,v3_quarterly_quality,100,6,6,100,complete,,,flat,-0.61,1.01,55.14,97.06,49.02,82.35,66.67,5,5,100,Mar-26,2026-03-31,2026-07-25,scraped_at,174,172.13,27.39,1.09,-6.4,23.88,,16.79,29,100,low,5.57,1.39,0.19,162.29,7.18,5.53,-0.61% period return; PE 5.57; EPS 162.29; margin 7.18%
2026-09-21,SUGAR & ALLIED INDUSTRIES,SHSML,unknown,3,18,high,18 scored members; high peer-count confidence,,65.54,65.54,v3_quarterly_quality,100,6,6,100,complete,,,down,-3.79,0.23,51.46,85.29,74.51,88.24,50,5,5,100,Mar-26,2026-03-31,2026-07-25,scraped_at,174,64.44,6.98,1.52,-23.25,-6800,,17.83,29,94.12,low,9.83,0.59,0.36,36.69,3.58,5.54,-3.79% period return; PE 9.83; EPS 36.69; margin 3.58%
2026-09-21,SUGAR & ALLIED INDUSTRIES,SANSM,unknown,4,18,high,18 scored members; high peer-count confidence,quarterly quality unavailable,61.53,61.53,v3_quarterly_quality,90,6,6,100,complete,,,strong_down,-6.07,0.73,71.2,70.59,41.18,47.06,,0,5,0,,,,,,,,,,,,23.97,29,82.35,low,7.37,0.44,0.07,16.24,3.1,0,-6.07% period return; PE 7.37; EPS 16.24; margin 3.1%
2026-09-21,SUGAR & ALLIED INDUSTRIES,NONS,unknown,5,18,high,18 scored members; high peer-count confidence,,58.97,58.97,v3_quarterly_quality,100,6,6,100,complete,,,down,-3,0.83,59.13,70.59,43.14,76.47,51.67,5,5,100,Mar-26,2026-03-31,2026-07-25,scraped_at,174,317.23,32.44,0.82,17.04,-184.11,,31.16,29,64.71,moderate,4.33,0.71,0.64,18.72,2.44,4.94,-3% period return; PE 4.33; EPS 18.72; margin 2.44%
2026-09-21,SYNTHETIC & RAYON,NSRM,unknown,1,5,moderate,5 scored members; moderate peer-count confidence,quarterly quality unavailable,69.68,69.68,v3_quarterly_quality,90,6,6,100,complete,,,strong_down,-9.19,-2.36,58.33,100,25,100,,0,5,0,,,,,,,,,,,,53.11,29,100,low,30.21,1.99,0.18,6.79,4.51,0,-9.19% period return; PE 30.21; EPS 6.79; margin 4.51%
2026-09-21,SYNTHETIC & RAYON,IBFL,unknown,2,5,moderate,5 scored members; moderate peer-count confidence,,66.15,66.15,v3_quarterly_quality,100,6,6,100,complete,,,up,3.26,2.14,50,50,66.67,100,66.67,5,5,100,Mar-26,2026-03-31,2026-07-25,scraped_at,174,27.12,-0.8,2.48,-7.85,-115.06,,55.18,29,50,moderate,-60.28,1.5,-17.44,-4.54,-1.34,0,3.26% period return; PE -60.28; EPS -4.54; margin -1.34%
2026-09-21,SYNTHETIC & RAYON,PSYL,unknown,3,5,moderate,5 scored members; moderate peer-count confidence,,58.85,58.85,v3_quarterly_quality,100,6,6,100,complete,,,strong_up,6.07,-2.63,0,75,50,100,66.67,5,5,100,Mar-26,2026-03-31,2026-07-25,scraped_at,174,105.13,9.76,1.14,-8.22,-3.69,,63.45,29,25,high,42.27,3.95,1.1,3.38,3.07,0,6.07% period return; PE 42.27; EPS 3.38; margin 3.07%
2026-09-21,SYNTHETIC & RAYON,GATI,unknown,4,5,moderate,5 scored members; moderate peer-count confidence,,55.5,55.5,v3_quarterly_quality,100,6,6,100,complete,,,strong_down,-6.07,-3.78,58.33,25,75,100,46.67,5,5,100,Mar-26,2026-03-31,2026-07-25,scraped_at,174,117.6,-9.44,0.99,8.75,-22.77,,53.54,29,75,low,-8.47,0.83,-5.99,-10.67,-4.01,0,-6.07% period return; PE -8.47; EPS -10.67; margin -4.01%
2026-09-21,SYNTHETIC & RAYON,RUPL,unknown,5,5,moderate,5 scored members; moderate peer-count confidence,,54.29,54.29,v3_quarterly_quality,100,6,6,100,complete,,,strong_down,-9.26,1.69,83.33,0,58.33,100,20,5,5,100,Mar-26,2026-03-31,2026-07-25,scraped_at,174,51.88,-12.36,0.68,-58.74,-40.3,,69.55,29,0,high,-1.43,0.18,0.03,-20.94,-21.91,0,weak quality 20 (5/5); -9.26% period return; PE -1.43; EPS -20.94
2026-09-21,TECHNOLOGY & COMMUNICATION,NETSOL,unknown,1,13,moderate,13 scored members; moderate peer-count confidence,,72.05,72.05,v3_quarterly_quality,100,6,6,100,complete,,,strong_up,5.83,0.4,83.33,100,61.11,25,66.67,5,5,100,Mar-26,2026-03-31,2026-07-25,scraped_at,174,19.69,24.15,3.35,40.82,265.13,,30.27,29,50,moderate,3.93,0.9,0.09,32.29,21.96,0,5.83% period return; PE 3.93; EPS 32.29; margin 21.96%
2026-09-21,TECHNOLOGY & COMMUNICATION,AIRLINK,unknown,2,13,moderate,13 scored members; moderate peer-count confidence,,59.06,59.06,v3_quarterly_quality,100,5,6,83.33,partial,,,down,-3.36,-2.27,50,62.5,58.33,100,22.86,5,5,100,Mar-26,2026-03-31,2026-07-25,scraped_at,174,177.16,31.51,1.15,-28.81,25.93,,18.68,29,100,low,9.06,2.74,,14.02,6.35,7.09,weak quality 22.86 (5/5); -3.36% period return; PE 9.06; EPS 14.02
2026-09-21,TECHNOLOGY & COMMUNICATION,SYS,unknown,3,13,moderate,13 scored members; moderate peer-count confidence,,53.54,53.54,v3_quarterly_quality,100,6,6,100,complete,,,down,-4.26,0.1,33.33,62.5,83.33,50,56.19,5,5,100,Mar-26,2026-03-31,2026-07-25,scraped_at,174,10.31,23.25,2.76,22.65,37.83,,27.98,29,83.33,low,15.08,2.89,0.2,8.03,12.79,1.65,-4.26% period return; PE 15.08; EPS 8.03; margin 12.79%
2026-09-21,TECHNOLOGY & COMMUNICATION,QTECH,unknown,4,13,moderate,13 scored members; moderate peer-count confidence,quarterly quality unavailable,52.47,52.47,v3_quarterly_quality,90,0,6,0,low,,,up,1.09,-2.31,50,50,47.22,50,,0,5,0,,,,,,,,,,,,62.29,29,16.67,high,,,,,,,limited data 0/6; 1.09% period return
2026-09-21,TECHNOLOGY & COMMUNICATION,ZAL,unknown,5,13,moderate,13 scored members; moderate peer-count confidence,,52.27,52.27,v3_quarterly_quality,100,0,6,0,low,,,down,-3.38,-0.64,50,50,36.11,50,92.86,4,5,80,Mar-26,2026-03-31,2026-07-25,scraped_at,174,,38.28,5.22,178.13,91.19,,25.48,29,91.67,low,,,,,,,limited data 0/6; strong quality 92.86 (4/5); -3.38% period return
2026-09-21,TEXTILE COMPOSITE,SURC,unknown,1,25,high,25 scored members; high peer-count confidence,,72.85,72.85,v3_quarterly_quality,100,6,6,100,complete,,,strong_up,6.23,7.37,44.67,75,63.89,93.75,82.67,5,5,100,Mar-26,2026-03-31,2026-07-25,scraped_at,174,28.8,10,2.08,0.87,65.39,,37.27,29,50,moderate,5.34,0.52,0.83,29.17,5.06,3.21,strong quality 82.67 (5/5); 6.23% period return; PE 5.34; EPS 29.17
2026-09-21,TEXTILE COMPOSITE,KTML,unknown,2,25,high,25 scored members; high peer-count confidence,,70.69,70.69,v3_quarterly_quality,100,6,6,100,complete,,,strong_up,5.39,-0.56,67.8,84.38,81.94,75,77.33,5,5,100,Mar-26,2026-03-31,2026-07-25,scraped_at,174,52.83,13.19,1.69,4.85,-33.09,,36.81,29,54.17,moderate,2.9,0.62,0.1,14.77,13.86,0.93,strong quality 77.33 (5/5); 5.39% period return; PE 2.9; EPS 14.77
2026-09-21,TEXTILE COMPOSITE,SAPT,unknown,3,25,high,25 scored members; high peer-count confidence,,69.84,69.84,v3_quarterly_quality,100,6,6,100,complete,,,flat,-0.1,-3.87,72.14,93.75,44.44,68.75,72,5,5,100,Mar-26,2026-03-31,2026-07-25,scraped_at,174,68.79,12.17,1.77,-1.42,2.65,,37.96,29,45.83,moderate,3.72,0.38,0.24,387.04,5.77,0.69,strong quality 72 (5/5); -0.1% period return; PE 3.72; EPS 387.04
2026-09-21,TEXTILE COMPOSITE,ILP,unknown,4,25,high,25 scored members; high peer-count confidence,,69.8,69.8,v3_quarterly_quality,100,6,6,100,complete,,,flat,-0.4,1.01,34.5,75,87.5,100,68,5,5,100,Mar-26,2026-03-31,2026-07-25,scraped_at,174,146.2,20.56,1.18,3.9,125.56,,30.39,29,79.17,low,11.04,2.15,0.27,9.06,6.77,4,-0.4% period return; PE 11.04; EPS 9.06; margin 6.77%
2026-09-21,TEXTILE COMPOSITE,MEHT,unknown,5,25,high,25 scored members; high peer-count confidence,,67.58,67.58,v3_quarterly_quality,100,6,6,100,complete,,,down,-3.07,-1.02,95.35,71.88,73.61,62.5,56,5,5,100,Mar-26,2026-03-31,2026-07-25,scraped_at,174,160.41,6.32,1.1,5.88,87.89,,32.27,29,70.83,low,3.51,0.22,0.09,39.74,1.87,0,-3.07% period return; PE 3.51; EPS 39.74; margin 1.87%
2026-09-21,TEXTILE SPINNING,KOHTM,unknown,1,24,high,24 scored members; high peer-count confidence,,71.76,71.76,v3_quarterly_quality,100,6,6,100,complete,,,strong_down,-15.85,5.23,53.33,90,85.51,90,70.3,5,5,100,Mar-26,2026-03-31,2026-07-25,scraped_at,174,79.38,6.55,1.05,-0.13,-1.27,,92.09,29,21.74,high,6.84,0.44,0.15,14.85,3.65,1.97,strong quality 70.3 (5/5); -15.85% period return; PE 6.84; EPS 14.85
2026-09-21,TEXTILE SPINNING,GADT,unknown,2,24,high,24 scored members; high peer-count confidence,,67.47,67.47,v3_quarterly_quality,100,6,6,100,complete,,,strong_down,-6.21,-0.09,60,90,75.36,80,45.76,5,5,100,Mar-26,2026-03-31,2026-07-25,scraped_at,174,118.05,5.02,0.84,-1.91,-51.31,,27.09,29,95.65,low,3.15,0.31,0.44,93.78,3.5,1.69,-6.21% period return; PE 3.15; EPS 93.78; margin 3.5%
2026-09-21,TEXTILE SPINNING,ELSM,unknown,3,24,high,24 scored members; high peer-count confidence,,66.13,66.13,v3_quarterly_quality,100,6,6,100,complete,,,strong_up,8.25,4.66,46.67,65,56.52,100,52.12,5,5,100,Mar-26,2026-03-31,2026-07-25,scraped_at,174,103.83,0.97,2.05,-3.1,-79.71,,57.5,29,52.17,moderate,37.3,0.38,-33.66,3.97,0.28,2.7,8.25% period return; PE 37.3; EPS 3.97; margin 0.28%
2026-09-21,TEXTILE SPINNING,SNAI,unknown,4,24,high,24 scored members; high peer-count confidence,quarterly quality unavailable,64.78,64.78,v3_quarterly_quality,90,6,6,100,complete,,,strong_down,-11.56,6.09,53.33,85,56.52,70,,0,5,0,,,,,,,,,,,,40.61,29,82.61,low,5.19,0.95,-0.52,6.54,5.84,0,-11.56% period return; PE 5.19; EPS 6.54; margin 5.84%
2026-09-21,TEXTILE SPINNING,TATM,unknown,5,24,high,24 scored members; high peer-count confidence,,56.81,56.81,v3_quarterly_quality,100,0,6,0,low,,,down,-3.93,4.05,50,50,79.71,50,63.94,5,5,100,Mar-26,2026-03-31,2026-07-25,scraped_at,174,89.18,2.38,1.31,-11.32,-4.28,,54.86,29,56.52,moderate,,,,,,,limited data 0/6; -3.93% period return
2026-09-21,TEXTILE WEAVING,STJT,unknown,1,4,low,4 scored members; low peer-count confidence,quarterly quality unavailable; small sector peer group,74.38,74.38,v3_quarterly_quality,90,6,6,100,complete,,,flat,-0.95,-2.51,50,100,44.44,100,,0,5,0,,,,,,,,,,,,72.52,29,33.33,moderate,5.28,0.57,0.47,27.72,4.42,3.76,-0.95% period return; PE 5.28; EPS 27.72; margin 4.42%
2026-09-21,TEXTILE WEAVING,ASHT,unknown,2,4,low,4 scored members; low peer-count confidence,quarterly quality unavailable; small sector peer group,50.77,50.77,v3_quarterly_quality,90,0,6,0,low,,,strong_down,-8.91,12.58,50,50,44.44,50,,0,5,0,,,,,,,,,,,,121.1,29,0,high,,,,,,,limited data 0/6; -8.91% period return
2026-09-21,TEXTILE WEAVING,ICCI,unknown,3,4,low,4 scored members; low peer-count confidence,quarterly quality unavailable; small sector peer group,47.99,47.99,v3_quarterly_quality,90,0,6,0,low,,,strong_down,-14.2,2.03,50,50,44.44,50,,0,5,0,,,,,,,,,,,,56.46,29,66.67,moderate,,,,,,,limited data 0/6; -14.2% period return
2026-09-21,TEXTILE WEAVING,ZTL,unknown,4,4,low,4 scored members; low peer-count confidence,quarterly quality unavailable; small sector peer group,28.09,28.09,v3_quarterly_quality,90,6,6,100,complete,,,strong_down,-8.28,-1.14,50,0,77.78,0,,0,5,0,,,,,,,,,,,,46.48,29,100,low,-19.08,0.37,2.55,-0.82,-0.65,0,-8.28% period return; PE -19.08; EPS -0.82; margin -0.65%
2026-09-21,TRANSPORT,PIBTL,unknown,1,4,low,4 scored members; low peer-count confidence,small sector peer group,79,79,v3_quarterly_quality,100,6,6,100,complete,,,down,-2.27,2.37,50,100,100,100,40,5,5,100,Mar-26,2026-03-31,2026-07-25,scraped_at,174,36.51,12.14,0.89,47.84,859.81,,31.71,29,100,low,13.54,1.62,7.33,1.18,14.81,0,-2.27% period return; PE 13.54; EPS 1.18; margin 14.81%
2026-09-21,TRANSPORT,SLGL,unknown,2,4,low,4 scored members; low peer-count confidence,small sector peer group,49.06,49.06,v3_quarterly_quality,100,0,6,0,low,,,strong_down,-5.28,-0.42,50,50,55.56,50,60,5,5,100,Mar-26,2026-03-31,2026-07-25,scraped_at,174,6.05,13.16,1.26,28.38,8.9,,46.5,29,33.33,moderate,,,,,,,limited data 0/6; -5.28% period return
2026-09-21,TRANSPORT,PICT,unknown,3,4,low,4 scored members; low peer-count confidence,quarterly quality unavailable; small sector peer group,48.46,48.46,v3_quarterly_quality,90,6,6,100,complete,,,strong_down,-7.94,0.66,50,0,11.11,100,,0,5,0,,,,,,,,,,,,53.53,29,0,high,-24.9,3.46,1.18,-1.66,-1809.22,0,-7.94% period return; PE -24.9; EPS -1.66; margin -1809.22%
2026-09-21,TRANSPORT,BLUEX,unknown,4,4,low,4 scored members; low peer-count confidence,quarterly quality unavailable; small sector peer group,42.59,42.59,v3_quarterly_quality,90,0,6,0,low,,,strong_down,-11.13,-0.65,50,50,33.33,50,,0,5,0,,,,,,,,,,,,39.26,29,66.67,moderate,,,,,,,limited data 0/6; -11.13% period return
2026-09-21,VANASPATI & ALLIED INDUSTRIES,SSOM,unknown,1,2,low,2 scored members; low peer-count confidence,small sector peer group,54.67,54.67,v3_quarterly_quality,100,0,6,0,low,,,down,-2.62,6.19,50,50,66.67,50,80,5,5,100,Mar-26,2026-03-31,2026-07-25,scraped_at,174,43.92,19.67,2.14,63.97,150.79,,33.41,29,100,low,,,,,,,limited data 0/6; strong quality 80 (5/5); -2.62% period return
2026-09-21,VANASPATI & ALLIED INDUSTRIES,POML,unknown,2,2,low,2 scored members; low peer-count confidence,small sector peer group,45.33,45.33,v3_quarterly_quality,100,0,6,0,low,,,down,-4.86,0.28,50,50,33.33,50,20,5,5,100,Mar-26,2026-03-31,2026-07-25,scraped_at,174,35.56,-2.2,1.14,7.01,50,,34.77,29,0,high,,,,,,,limited data 0/6; weak quality 20 (5/5); -4.86% period return
2026-09-21,WOOLLEN,BNWM,unknown,1,1,low,1 scored members; low peer-count confidence,quarterly quality unavailable; volatility history insufficient; small sector peer group,50,50,v3_quarterly_quality,90,6,6,100,complete,,,down,-4.8,-0.5,50,50,50,50,,0,5,0,Mar-26,2026-03-31,2026-07-25,scraped_at,174,11.31,-2.81,2.13,30.26,-208.43,,26.6,29,,unknown,-6.85,0.19,-0.3,-9.58,-7,0,-4.8% period return; PE -6.85; EPS -9.58; margin -7%
