date,symbol,price_open,price_close,price_high,price_low,high_52wk,low_52wk,market_cap,shares_outstanding,float_shares,weekly_avg_volume,free_float_pct,dividend_yield,eps,net_income_margin,price_to_book,price_to_earnings,peg_ratio
2026-07-18,ABOT,969.88,951.11,969.88,950,1304,821,93.11B,97.9M,21.17M,30.9K,21.63,4.21,84.85,10.97,2.76,11.21,0.63
2026-07-18,ACPL,227,226.43,235,225.01,325.01,205,31.12B,137.43M,13.74M,80.95K,10,3.75,20.97,6.74,1.3,10.8,0.78
2026-07-18,ADAMS,69.48,67,72.95,66.63,90.98,57.25,1.16B,17.29M,3.46M,12.85K,20,5.97,9.29,1.54,0.23,8.51,-6.16
2026-07-18,AGIL,155.64,155.6,160,153.25,198,121.2,5.6B,36M,21.6M,6.71K,60,1.12,24.75,5.37,0.83,6.29,0.48
2026-07-18,AGP,198.75,195.87,199.99,194.12,258.67,163,54.84B,280M,84M,294.86K,30,4.08,13.41,13.14,3.36,14.61,0.26
2026-07-18,AGTL,387,376.82,389.9,371.01,497,288,21.84B,57.96M,3.67M,14.38K,6.34,0,35.36,8.63,1.95,10.66,1.33
2026-07-18,AHTM,94.98,91.1,97.58,89,134.15,60,771.76M,8.47M,1.27M,637.6,15,1.65,12.65,2.07,0.32,7.2,-2.47
2026-07-18,AIRLINK,143.7,139.53,144.99,138.99,199,118,55.15B,395.27M,118.58M,867.48K,30,6.45,14.02,6.35,3.01,9.95,
2026-07-18,AKGL,0,49.95,0,0,68.75,0,499.5M,10M,1M,328.5,10,,,,,,
2026-07-18,ALNRS,134.86,135.18,136,132.54,144,82,2.77B,20.47M,4.09M,2.17K,20,2.96,13.88,1.67,0.38,9.74,3.92
2026-07-18,ANL,10.17,10.03,10.25,10,13.7,8.01,4.87B,485.41M,242.7M,371.94K,50,0,1.6,1.96,0.32,6.26,0.39
2026-07-18,ANTM,59,52.56,59,51.32,66.38,20.81,507.73M,9.66M,1.45M,16.99K,15,,,,,,
2026-07-18,ARCTM,38.89,38.36,39,36.51,46.98,24.14,505.39M,13.17M,2.7M,64.02K,20.52,,,,,,
2026-07-18,ARPL,381,379.99,381,377,535,325,13.13B,34.56M,8.64M,6.5K,25,7.89,38.21,4.75,2.71,9.95,4.74
2026-07-18,ASHT,33.5,32,33.5,31.41,70,13.64,1.49B,46.57M,2.33M,3.62K,5,,,,,,
2026-07-18,ASL,12.6,12.64,12.87,12.42,15.94,8.51,11.77B,930.78M,279.24M,2.85M,30,0,0.07,0.28,1.18,181.61,-13.43
2026-07-18,ASTM,25.83,24.23,27.51,23.71,41.94,12,367.74M,15.18M,2.28M,109.07K,15,,,,,,
2026-07-18,ATBA,213.99,210.03,213.99,210,311.98,169.02,7.35B,35.02M,8.75M,11.53K,25,0,2.24,0.23,0.93,82.63,463.54
2026-07-18,ATRL,897,900.12,923,895,1005,597.1,95.97B,106.62M,42.65M,701.08K,40,0.83,180.56,6.62,0.56,4.99,-0.01
2026-07-18,AVN,33.43,33.12,33.65,33.04,54.3,26.5,14.23B,429.67M,150.38M,378.36K,35,3.02,1.02,2.52,0.95,32.46,-12.03
2026-07-18,AWTX,1707.25,1552.05,1707.25,1707.25,1707.26,1270,1.24B,800K,4.5K,0,0.56,0,9.84,0.15,0.99,156.58,-19.42
2026-07-18,BAFS,381,418.56,418.56,381,474.51,64,3.96B,9.45M,472.5K,3.58K,5,0.48,60.89,8.1,1.93,6.87,0.04
2026-07-18,BATA,974.85,960.17,974.85,960,1750,875,7.26B,7.56M,1.79M,932.2,23.67,0,-368,-15.26,2.4,-2.61,0.12
2026-07-18,BBFL,43.89,42.99,44.1,42.5,57.35,34,12.85B,298.91M,115.24M,781.37K,38.55,,,,,,
2026-07-18,BCL,73.01,72,74.75,71,130.44,56.02,826.02M,11.47M,6.31M,17.06K,55,0,-1.36,-1.1,2.59,-53.11,4.26
2026-07-18,BECO,5.28,5.2,5.28,5.18,73.6,3.9,6.5B,1.25B,437.37M,2.95M,35,,,,,,
2026-07-18,BERG,103.02,101.17,104,100.01,141,80.65,2.48B,24.55M,9.82M,136.41K,40,4.94,12.44,3.37,0.65,8.13,
2026-07-18,BFAGRO,34.01,34.31,34.8,33.7,49.25,29.03,10.64B,309.99M,77.5M,405.07K,25,,,,,,
2026-07-18,BFBIO,133.2,131.73,134,131.51,189.97,124,11.64B,88.33M,26.5M,117.88K,30,,,,,,
2026-07-18,BFMOD,23.5,22.57,23.5,22.23,38.84,10,169.62M,7.52M,2.63M,64.82K,35,,,,,,
2026-07-18,BHAT,829.99,806.37,829.99,790,1040,726.06,2.45B,3.04M,152.05K,392.4,5,0,30.09,0.28,0.23,26.8,3.89
2026-07-18,BIFO,122,120.65,124.88,116.01,207.1,79.1,5.6B,46.38M,16.23M,90.29K,35,6.22,9.41,12.78,1.72,12.82,0.6
2026-07-18,BIPL,27.12,27.04,27.65,26.9,44.1,23.6,29.98B,1.11B,166.31M,799.64K,15,10.17,3.87,5.45,0.65,6.98,
2026-07-18,BLUEX,7.86,7.43,7.87,7.25,80.85,4.9,2.11B,284.28M,113.71M,19.83M,40,,,,,,
2026-07-18,BNL,6.75,6.65,6.8,6.61,170.73,6.6,4.44B,668.05M,434.23M,2.23M,65,0,0.67,5.69,1.51,9.97,0.61
2026-07-18,BNWM,67.64,66.33,69,66.01,91.89,50,630.55M,9.51M,4.75M,7.71K,50,0,-9.58,-7,0.19,-6.92,-0.31
2026-07-18,BPL,53.91,54.7,55,53,80.97,20.01,1.23B,22.49M,6.75M,52.05K,30,,,,,,
2026-07-18,BRRG,48,48,49.17,48,53.77,27.52,4.56B,95.01M,47.5M,15.16K,50,,,,,,
2026-07-18,BTL,950.01,1015.74,950.1,950,1580,275.01,6.53B,6.43M,321.6K,62.6,5,0,-35.67,-0.77,0.86,-28.47,
2026-07-18,BUXL,187.76,189.94,209,180.1,274.4,133.02,273.51M,1.44M,576K,3.49K,40,0,-17.12,-4.42,1.68,-11.09,0.12
2026-07-18,BWHL,232.43,230.51,232.43,227.01,257.92,147,3.07B,13.33M,7.33M,21.1K,55,7.38,29.35,14.67,1.3,7.85,0.06
2026-07-18,CCM,53.68,53.68,53.68,53.68,68.88,34.4,1.22B,22.66M,10.2M,34.14K,45,0,2.96,-0.18,0.18,12.45,-0.91
2026-07-18,CEPB,29.35,28.66,29.46,28.5,46.7,24.59,11.51B,401.71M,120.51M,580.48K,30,0,-1.87,-1.96,0.88,-15.33,1.03
2026-07-18,CFL,58,58.89,60,58,94.01,45.1,731.29M,12.42M,3.73M,785.25,30,0,-49.59,-18.39,0.19,-1.19,0.03
2026-07-18,CHAS,109.02,108.64,110.98,107.5,160.49,56.01,3.12B,28.69M,4.3M,21.96K,15,0,-57.51,-5.08,0.3,-1.89,-0.16
2026-07-18,CHCC,316,309.53,318.5,308.01,390,225,60.14B,194.3M,116.58M,271.79K,60,1.78,37.91,19.73,1.6,8.17,0.31
2026-07-18,CLOV,7.8,7.54,7.8,7.51,88.64,6.59,2.94B,389.29M,214.11M,1.92M,55,0,0.61,4.44,4.03,12.34,-0.32
2026-07-18,CNERGY,9.62,9.81,10.08,9.54,10.28,5.87,53.89B,5.49B,1.37B,77.76M,25,0,2.78,4.49,0.24,2.35,0.06
2026-07-18,COLG,1248.99,1234.51,1248.99,1230,1338,1050,299.71B,242.77M,24.28M,3.92K,10,4.74,73.22,14.79,8.21,16.86,0.37
2026-07-18,CPHL,75,74.81,75.75,74.63,104.25,69.25,17.09B,228.46M,114.23M,784.26K,50,4.17,4.8,7.92,1.56,15.19,
2026-07-18,CPPL,108.26,106.99,108.26,105.11,126.15,64.79,5.25B,49.1M,29.46M,361.95K,60,2.8,1.5,0.52,0.61,71.35,-5.33
2026-07-18,CRTM,82.24,80,82.24,78.52,96.5,16.6,8B,100M,60M,26.52K,60,0,1.31,0.69,0.63,31.57,-8.38
2026-07-18,CSAP,107.23,105.09,108.95,104.9,143.5,78.25,8.16B,77.63M,34.93M,362.13K,45,7.14,5.08,4.79,0.91,20.67,2.97
2026-07-18,DAAG,89.95,88,90,85,120.25,52,352M,4M,970.7K,1.76K,24.27,,,,,,
2026-07-18,DADX,97.99,95.7,97.99,89.02,121.88,42.75,1.03B,10.76M,538.2K,781.5,5,0,-30.29,-37.21,3.97,-3.16,0.05
2026-07-18,DCL,10.92,10.83,11.26,10.8,16.31,6.61,5.89B,544.11M,190.44M,3.16M,35,0,-2.37,-4.8,0.24,-4.57,0.04
2026-07-18,DCR,38.46,38.42,38.6,36.52,41.8,27.9,85.43B,2.22B,555.92M,522.82K,25,6.64,2.31,78.71,1.12,16.63,
2026-07-18,DFSM,18.2,17.18,18.77,17,35.24,3.75,1.68B,97.75M,34.21M,6.12M,35,,,,,,
2026-07-18,DGKC,213.99,207.87,213.99,207.01,275.75,145.1,91.07B,438.12M,219.06M,5.1M,50,0.96,27.64,14.23,0.81,7.52,0.26
2026-07-18,DINT,70.05,67.93,74.5,65.2,102.76,41.36,3.56B,52.47M,7.87M,51.58K,15,0,-3.91,-0.63,0.51,-17.36,-1.84
2026-07-18,DMC,180,190.13,198.9,180,351.9,43.05,580.35M,3.05M,915.73K,610.6,30,,,,,,
2026-07-18,DNCC,18.2,18.26,18.94,18.15,28.07,14,5.78B,316.36M,94.91M,39.52K,30,0,-0.39,-1.76,2.79,92.25,-0.32
2026-07-18,DOL,31.18,30.67,31.29,29.5,41,25.36,5.37B,175.03M,52.51M,261.6K,30,13.04,2.55,8.79,1.79,12.05,-4
2026-07-18,DYNO,348,349.99,352.99,348,366.9,254.3,6.61B,18.87M,12.27M,31.46K,65,4.64,55.14,7.33,1.22,6.35,0.69
2026-07-18,ECOP,52.81,52.06,52.99,51.87,78.25,33.82,2.51B,48.26M,36.19M,82.09K,75,3.84,7.67,5.37,1.39,6.78,0.16
2026-07-18,EFERT,194,192.22,194,192,263.3,187,256.67B,1.34B,600.88M,1.1M,45,7.67,17.26,9.42,6.01,11.14,-1.6
2026-07-18,ELCM,247,236.09,247,231,343.44,124,306.92M,1.3M,260K,405,20,0,-24.15,-3.34,4.52,-9.78,0.16
2026-07-18,ELSM,115,122.59,115,113.5,138,99,1.34B,10.95M,3.29M,410,30,3.26,3.97,0.28,0.31,30.85,-27.83
2026-07-18,EMCO,54.7,52.34,54.7,52.33,98.89,31.29,1.83B,35M,10.5M,124.02K,30,,,,,,
2026-07-18,ENGROH,281.72,275.7,284.5,275,302.5,202.06,332.01B,1.2B,903.17M,3.06M,75,0,53.18,10.18,,4.98,0.32
2026-07-18,EPCL,33.68,32.68,33.68,32.51,39.32,27.01,29.7B,908.92M,227.23M,2.28M,25,0,-2.97,-3.28,1.43,-10.99,1.02
2026-07-18,EPQL,25.7,25.61,25.88,25.5,34.98,22.3,8.29B,323.8M,161.9M,327.09K,50,45.88,1.86,5.05,0.73,13.75,-4.92
2026-07-18,EXIDE,521.43,519.65,528.28,510,900,365,4.04B,7.77M,1.94M,4.77K,25,0.96,55.53,2.2,0.54,9.36,
2026-07-18,FABL,99.12,98.9,101,98,106,69.33,150.1B,1.52B,531.19M,835.68K,35,6.57,15.03,11.4,1.32,6.58,
2026-07-18,FANM,7.57,7.69,8.44,7.02,10.83,4.25,177.64M,23.1M,11.55M,524.84K,50,,,,,,
2026-07-18,FASM,352,331.12,352,305,434.97,240.02,3.31B,10M,1M,81.25,10,0,-52.85,-1.19,0.31,-6.27,-1.45
2026-07-18,FATIMA,162,157.68,162.1,156.73,192.8,105,331.13B,2.1B,315M,1.55M,15,6.02,17.58,13.62,1.91,8.97,0.25
2026-07-18,FCCL,54.5,53.52,55.05,53.16,62.84,36.26,131.28B,2.45B,858.5M,7.46M,35,2.34,5.99,16.04,1.43,8.93,0.08
2026-07-18,FCEPL,104.47,102.31,104.8,101,118.01,63.86,78.43B,766.6M,76.66M,354.78K,10,3.42,4.51,3.23,4.17,22.69,0.66
2026-07-18,FCL,23.85,23.97,24.09,23.31,28.56,19.65,15.45B,644.58M,161.14M,772.06K,25,,,,,,
2026-07-18,FECM,17.8,17.66,18.39,17.4,57.06,11.75,200.26M,11.34M,8.51M,11.32K,75,,,,,,
2026-07-18,FECTC,108.95,104.95,108.95,104,195.75,72,5.26B,50.16M,12.54M,150.34K,25,1.91,14,5.6,1.04,7.5,-0.06
2026-07-18,FEM,12,11.13,12,10.66,17.7,4.4,583.66M,52.44M,36.71M,267.52K,70,,,,,,
2026-07-18,FEROZ,387,386.48,397.6,375.1,475,293.01,16.8B,43.47M,17.39M,11.57K,40,1.03,21.66,4.15,1.3,15.23,0.79
2026-07-18,FFC,551.28,551.96,561.45,550.11,685,425,794.28B,1.44B,791.46M,1.84M,55,6.98,59.83,16.49,2.91,9.23,0.14
2026-07-18,FFL,16.87,16.68,16.9,16.61,23.93,14,42.03B,2.52B,503.99M,2.64M,20,0,0.44,3.79,3.84,37.52,-0.11
2026-07-18,FFLM,16.35,15.14,16.55,14.85,27.23,4.4,399.9M,26.41M,17.17M,640.38K,65,,,,,,
2026-07-18,FHAM,32.95,33.29,33.43,32.5,39.49,23.81,3.69B,110.83M,94.21M,11.7K,85,6.76,7.53,17.05,0.6,4.42,0.11
2026-07-18,FIBLM,12.8,12.62,13.4,12.5,22.24,5.5,273.7M,21.69M,10.84M,586.47K,50,0,0.94,43.94,1.1,13.47,0.39
2026-07-18,FIMM,200,200,215,200,397.69,173.39,600M,3M,900K,234.6,30,,,,,,
2026-07-18,FLYNG,45.94,43.05,45.94,42.03,61,39.2,29.91B,694.8M,104.22M,27.94K,15,0,1.29,5.99,2.32,33.33,0.13
2026-07-18,FML,59.06,58.1,60.25,57.26,86,34.05,23.21B,399.41M,39.94M,99.03K,10,0,0.46,0.27,0.69,126.17,-27.14
2026-07-18,FPJM,11.8,11.04,12.27,11.04,14.99,4.09,375.58M,34.02M,13.61M,2.74M,40,0,-3.22,-38.72,-0.81,-3.43,0.49
2026-07-18,FPRM,13.9,12.94,13.9,12.7,16.99,9,178.42M,13.79M,6.2M,56.84K,45,,,,,,
2026-07-18,FRCL,99.99,106.98,107,97,118.45,38.31,4.05B,37.87M,1.89M,4.04K,5,,,,,,
2026-07-18,FRSM,49,49,49.84,47,63.48,34.22,1.94B,39.51M,11.85M,4.92K,30,0,17.31,5.93,0.88,2.83,0.03
2026-07-18,FTMM,16.77,16.28,16.77,16.25,23.75,11.14,3.18B,195.6M,9.78M,4.42K,5,7.45,0.5,2.47,1.14,26.19,-1.46
2026-07-18,FTSM,33.51,33.35,34,33,57,11.52,705.79M,21.16M,8.47M,12.17K,40,,,,,,
2026-07-18,FZCM,250,250.14,259.98,250,408.84,185.52,7.5B,30M,3M,1.65K,10,0,3.02,0.1,0.15,82.9,40.86
2026-07-18,GADT,286.71,283.01,288.16,283,530,215,7.93B,28.03M,8.41M,8.54K,30,0,43.77,1.72,0.32,6.47,0.55
2026-07-18,GAL,584.8,572.23,584.8,568,633,291,32.62B,57M,22.8M,1.49M,40,2.65,117.24,12.52,1.7,2.62,0
2026-07-18,GATI,85.07,84.8,86.4,84.55,167.2,62.55,9.22B,108.73M,16.31M,11.72K,15,0,-10.67,-4.01,0.78,-7.95,-5.56
2026-07-18,GATM,27.99,27.02,28.18,26.8,40.7,16.5,20B,740.06M,185.01M,1.49M,25,0,2.72,1.18,0.39,9.95,0.86
2026-07-18,GCIL,36.64,36.37,37.4,36.13,40.6,23.81,20.75B,570.45M,228.18M,3.47M,40,0,5.27,33.37,,5.05,
2026-07-18,GCWL,16.55,16.24,16.55,16.01,25.15,11.75,4.06B,250.14M,111.05M,1.04M,44.39,,,,,,
2026-07-18,GDL,18.74,18.56,18.77,18.4,33,17.98,7.97B,429.2M,107.3M,985.37K,25,,,,,,
2026-07-18,GEMBCEM,12,12,14.36,11.75,14.5,9.64,1.2B,100M,25M,2.3K,25,,,,,,
2026-07-18,GEMMEL,27.2,24.73,27.2,27.2,39,19.1,4.8B,194.1M,19.41M,127.25,10,,,,,,
2026-07-18,GEMPACRA,36,39.62,36,36,49,22,2.95B,74.53M,7.45M,1,10,,,,,,
2026-07-18,GEMPAPL,11.75,11.75,11.75,11.75,19,9,235M,20M,15M,1.77K,75,,,,,,
2026-07-18,GFIL,31.05,30.81,32.44,30.8,35.18,11.1,1.01B,32.64M,3.26M,10.69K,10,,,,,,
2026-07-18,GGGL,8.96,8.83,9.19,8.77,14.47,6.7,2.12B,240M,120M,665.24K,50,0,0.54,4.51,0.72,16.48,0.78
2026-07-18,GGL,23.85,23.57,24.3,23.4,31.31,14.1,8.35B,354.12M,177.06M,2.03M,50,0,9.78,31.53,1.03,2.41,0.05
2026-07-18,GHGL,39.31,38.81,39.75,38.25,52.25,27.78,38.8B,999.71M,349.9M,220.72K,35,5.15,6.21,13.11,0.96,6.25,0.25
2026-07-18,GHNI,1144,1132.31,1159,1124,1285.15,590,48.25B,42.61M,14.91M,603.39K,35,1.54,162.33,11.84,2.62,3.78,0.02
2026-07-18,GIL,0,1000,0,0,0,0,0,0,0,0,0,0.19,15.14,0.25,0,115.63,-14.54
2026-07-18,GLAXO,359,357.75,360.98,355,459.94,293.09,113.93B,318.47M,63.69M,313.16K,20,4.36,33,15.6,3.14,9.54,0.18
2026-07-18,GOC,191,200.62,204.99,186,204.99,77,1.47B,7.35M,1.1M,48.26K,15,0.5,4.14,6.12,2.05,48.41,1.71
2026-07-18,GTYR,35.35,33.98,35.38,33.67,49.46,22.26,4.14B,121.93M,48.77M,4.61M,40,0,-6.34,-4.84,0.65,-5.36,0.58
2026-07-18,GVGL,55.45,53.5,55.95,53.05,75,43.65,8.02B,149.94M,29.38M,2.97K,19.59,5.61,6.64,15.54,1.59,8.05,
2026-07-18,GWLC,50.48,49.7,50.48,49.01,77.96,38.75,19.89B,400.27M,40.03M,150.45K,10,3.02,6.74,12.64,0.73,5.92,0.5
2026-07-18,HAEL,29.8,28.04,29.8,27.65,37.96,14.91,364.42M,13M,1.95M,25.8K,15,,,,,,
2026-07-18,HAFL,494.9,499.89,500,450,629.5,283.58,599.87M,1.2M,42.48K,113.6,3.54,,,,,,
2026-07-18,HALEON,762,759.56,765.99,755.02,1010,655,88.91B,117.05M,15.74M,45.12K,13.44,3.6,55.96,15.35,6.1,12.32,0.19
2026-07-18,HCAR,241.01,239.06,244.99,238.79,321,147.5,34.14B,142.8M,28.56M,766.11K,20,3.76,22.64,2.64,1.34,10.56,32.55
2026-07-18,HINO,428,429.46,434,423,634.5,264.69,10.65B,24.8M,2.55M,15.11K,10.28,2.54,21.82,4.92,1.76,19.68,0.27
2026-07-18,HINOON,985.68,980.13,986,969.99,1241,755.56,51.93B,52.98M,21.19M,26.67K,40,5.1,75.63,14.32,3.51,12.96,0.3
2026-07-18,HPL,4045,4029.43,4289,4005.01,4889.99,2925.66,38.86B,9.64M,964.48K,111,10,5.96,317.04,9.84,4.36,13.07,0.28
2026-07-18,HRPL,20.9,20.05,20.9,20,37,16.51,802M,40M,8M,74.67K,20,0,-3.09,-5.61,1.08,-6.5,0.29
2026-07-18,HTL,40.99,40.01,40.99,39.67,66.5,31.01,5.57B,139.2M,34.8M,654.07K,25,0,3.83,1.49,0.85,8.24,1.02
2026-07-18,HUBC,221,218.11,224.5,217.3,249.99,144,282.92B,1.3B,972.87M,3.43M,75,11.46,34.65,63.41,1.25,6.29,-5
2026-07-18,IBFL,306,298.98,310,289,397.32,176.55,92.84B,310.51M,15.53M,2.17K,5,0,-1.49,-0.44,1.62,-200.28,-18.18
2026-07-18,IBLHL,54.45,51.57,54.45,51.1,85.82,36,5.08B,98.53M,24.63M,159.24K,25,0,2.44,5.36,2.04,21.14,5.55
2026-07-18,ICCI,13.75,12.75,13.96,12.56,17.91,8.61,382.51M,30M,4.5M,30.78K,15,,,,,,
2026-07-18,ICL,140.16,138.99,141.85,138.82,176,81.1,13.9B,100M,45M,93.78K,45,2.16,13.74,4.34,1.27,10.12,0.39
2026-07-18,IDEAL,54.65,54.75,60.5,54.65,87.7,15.75,543.12M,9.92M,1.49M,14.22K,15,,,,,,
2026-07-18,IDRT,39.65,36.46,40.12,34.6,68.08,19,723.83M,19.85M,1.99M,25.37K,10,,,,,,
2026-07-18,ILP,103.15,100.13,103.75,99.3,110.5,67,140.35B,1.4B,280.34M,1.16M,20,3,8.3,6.45,2.3,12.07,0.2
2026-07-18,IMAGE,26.79,26.6,27.4,26.39,32.46,19,6.13B,230.37M,149.74M,742.36K,65,7.52,3.49,17.93,1.26,7.61,
2026-07-18,INIL,172,168.41,174.49,168.05,249,127.3,22.21B,131.88M,59.35M,162.13K,45,3.56,14.32,1.72,0.68,11.76,-3.78
2026-07-18,INKL,92.79,90.72,94.99,87,126,30.15,877.72M,9.68M,3.87M,2.05K,40,,,,,,
2026-07-18,IPAK,36.4,35.7,36.65,35.7,38,21.02,26.25B,735.21M,220.56M,436.15K,30,2.61,3.81,7.22,2.05,6.57,
2026-07-18,IREIT,8.1,8.08,8.26,8.01,13.05,7.26,2.23B,275.86M,96.55M,522.35K,35,,,,,,
2026-07-18,ISIL,1956.9,1936.95,1980,1905,2370,1725.01,128.53B,66.36M,3.32M,341,5,0.26,62.5,3.31,4.64,30.99,0.47
2026-07-18,ISL,86,83.26,86.02,81.9,135,65.45,36.22B,435M,152.25M,347.27K,35,5.4,6.93,3.59,1.42,12.01,-2.92
2026-07-18,ITANZ,41.5,42.58,43.5,41.3,43.5,41.3,4.59B,107.82M,48.52M,2.13M,45,,,,,,
2026-07-18,ITTEFAQ,9.3,9.13,9.47,9.08,12.64,5.75,1.32B,144.34M,93.82M,11.31M,65,0,-3.91,-27.88,0.45,-2.34,
2026-07-18,JATM,37.44,36.42,38.01,34.6,49.08,14.61,458.94M,12.6M,1.89M,18.72K,15,,,,,,
2026-07-18,JDMT,137.02,141.07,143.86,134.11,175,60.1,975.62M,6.92M,2.07M,75.31K,30,,,,,,
2026-07-18,JDWS,955,951.94,956.98,916.02,1026,780,55B,57.78M,8.67M,182.4,15,5.25,172.77,7.74,1.41,5.51,0.13
2026-07-18,JSML,64.4,62.84,64.4,62.4,147.5,40.61,2.14B,34.13M,13.65M,92.5K,40,0,5.89,1.94,0.23,10.66,0.34
2026-07-18,JVDC,145.1,144.68,147,143.5,163.9,65.15,55.1B,380.86M,190.43M,955.94K,50,7.77,10.67,38.34,1.99,9.51,-0.01
2026-07-18,KCL,152.33,141.37,160,137.11,195.69,115.02,2.06B,14.55M,10.91M,308.4,75,,,,,,
2026-07-18,KEL,7.51,7.35,7.59,7.32,9.58,4.91,202.97B,27.62B,2.76B,31.55M,10,0,0.42,2.19,1.76,10.6,
2026-07-18,KHYT,2159.95,2199.38,2249.95,2000,2689,1131.01,2.7B,1.23M,20.67K,387.6,1.68,,,,,,
2026-07-18,KOHC,100.5,97.28,100.6,96.5,567.99,74,89.43B,919.31M,229.83M,554.06K,25,0,10.62,25.96,1.62,9.16,0.33
2026-07-18,KOHE,15.6,15.56,15.82,15.53,23.49,12.33,2.64B,169.46M,67.78M,94.05K,40,0,3.94,15.83,0.58,3.95,-0.38
2026-07-18,KOHTM,138,135.4,141,135.1,210,40,2.82B,20.8M,6.24M,179.2K,30,1.48,14.85,3.65,0.58,3.17,0.23
2026-07-18,KPUS,2060,1871.47,2060,1871.47,2849.99,115.11,29.98B,16.02M,800.88K,13.87K,5,0,5.5,1.09,7.55,340.27,11.01
2026-07-18,KSBP,244,242.91,245.7,240,257,155.2,7.51B,30.9M,8.37M,295.64K,27.08,0.41,7.14,3.26,1.76,34.02,3.52
2026-07-18,KTML,48.37,46.81,50.49,46.01,305,37.02,63.03B,1.35B,269.3M,1.33M,20,0.85,7.94,8.01,0.78,5.11,0.19
2026-07-18,LCI,235,231.96,235.98,231.6,396,201.17,107.12B,461.8M,92.36M,73.19K,20,4.93,20.25,8.25,1.91,11.48,0.56
2026-07-18,LEUL,44.99,41.8,44.99,41.7,72.68,25.76,250.8M,6M,1.8M,22.54K,30,,,,,,
2026-07-18,LIVEN,36.99,36.65,37.43,36.55,79.8,27.82,4.14B,113.04M,11.3M,36.03K,10,,,,,,
2026-07-18,LOADS,13.96,13.63,13.96,13.6,22.6,10.93,5.06B,371.25M,185.62M,1.42M,50,0,1.07,4.28,0.97,12.77,-0.01
2026-07-18,LOTCHEM,30.48,29.11,30.5,28.97,34.3,18.41,44.08B,1.51B,378.55M,30.73M,25,17.18,1.28,2.41,2.53,22.82,-9.53
2026-07-18,LPGL,94.99,92.28,94.99,92,138.5,63.01,692.1M,7.5M,1.88M,5.43K,25,,,,,,
2026-07-18,LUCK,453,445.63,456.49,444.14,529.5,339,652.85B,1.47B,439.5M,1.6M,30,0.9,56.88,16.86,1.62,7.83,0.16
2026-07-18,MACFL,66.98,67.23,69.5,64.16,86.98,19.52,3.99B,59.3M,23.72M,1.56M,40,0.74,2.13,1.96,1.71,31.54,7.31
2026-07-18,MACTER,277.7,282.65,297,277.52,443.5,255.1,12.95B,45.81M,18.32M,19.78K,40,1.34,17.8,6.82,3.21,15.88,0.29
2026-07-18,MARI,661.47,653.01,662.89,651.5,795,544.56,784.02B,1.2B,240.12M,659.87K,20,4.59,57.11,37.45,2.75,11.43,0.49
2026-07-18,MEBL,547,540.94,552.05,539.4,582,349.89,973.99B,1.8B,450.14M,1.11M,25,5.27,50.58,19.77,3.43,10.69,
2026-07-18,MEHT,196,195.55,200,195,389,190,5.87B,30M,19.5M,24.61K,65,0,39.74,1.87,0.31,5.65,0.12
2026-07-18,MERIT,9.95,9.78,10,9.76,14.69,7.1,1.96B,199.96M,39.99M,182.39K,20,0,-1.75,-10.52,0.83,-5.59,0.01
2026-07-18,MFFL,174.99,173.34,174.99,172,237,139.66,3.97B,22.88M,3.85M,2.98K,16.82,,,,,,
2026-07-18,MFL,43.18,42.18,43.18,41.5,85.73,39.1,5.16B,122.4M,42.84M,398.65K,35,0,4.13,1.98,0.48,10.2,0.21
2026-07-18,MIRKS,37.4,35.52,37.4,35.2,44.5,22.28,2.36B,66.56M,29.95M,67.09K,45,0,0.03,0.01,0.98,887.59,19.69
2026-07-18,MLCF,98.4,95.5,98.7,95,132.99,71,100.04B,1.05B,471.4M,14.57M,45,0,10.74,15.15,1.33,8.89,0.22
2026-07-18,MQTM,35,37.14,37.27,30.6,49,17.97,684.56M,18.43M,4.61M,190.81K,25,0,-79.43,-17.35,2.16,-0.47,0.01
2026-07-18,MRNS,64.89,63.4,65.4,63.1,94.01,52.32,4.75B,74.93M,26.22M,39.21K,35,11.22,22.15,14.35,1.02,2.61,
2026-07-18,MSCL,24,24.05,25,24,46.53,12.05,745.01M,30.98M,7.74M,178.44K,25,,,,,,
2026-07-18,MTL,290.47,290.29,295,286.9,636.99,284.51,115.83B,399.03M,179.56M,265.13K,45,7.03,18.49,12.64,14.98,13.47,0.91
2026-07-18,MUGHAL,83.29,82.15,83.88,81.78,113.99,59,27.57B,335.63M,117.47M,919.55K,35,0,6.37,2.8,0.91,12.89,0.89
2026-07-18,MWMP,64,62.49,64.99,60,170.95,27.97,1.8B,28.75M,7.19M,36.01K,25,,,,,,
2026-07-18,NATM,77,85.16,77,77,92.94,77,1.81B,21.27M,1.06M,1,5,0,-53.59,-51.27,0.83,-1.59,0.05
2026-07-18,NESTLE,7620,7617.23,7690,7426.26,10524.97,7000,345.44B,45.35M,4.53M,288.6,10,7.31,393.76,8.81,12.85,19.34,1.29
2026-07-18,NETSOL,123.31,121.06,124.89,120.75,164.59,87.66,10.88B,89.84M,26.95M,347.8K,30,0,32.29,21.96,0.86,3.75,0.09
2026-07-18,NML,148.67,144.43,148.79,143.56,208.4,120,50.78B,351.6M,158.22M,1.95M,45,1.59,33.41,5.75,0.3,3.61,1.54
2026-07-18,NONS,103.5,102.79,103.5,100.04,157.1,70.02,1.7B,16.52M,3.3M,28.8K,20,4.44,39.15,4.55,0.81,1.93,0.18
2026-07-18,NRL,385.5,396.56,406.6,384,477.45,224,31.71B,79.97M,26.31M,2.4M,32.91,0,108.68,2.33,0.53,2.68,0.01
2026-07-18,NRSL,34.49,33.59,34.49,32.51,40.24,20.6,4.75B,141.32M,42.4M,17.72K,30,0,2.09,2.61,1.3,16.05,1.45
2026-07-18,NSRM,272.2,272.21,272.21,247.46,272.21,84.01,4.23B,15.55M,777.66K,9.11K,5,0,6.79,4.51,2.64,19.44,0.23
2026-07-18,OCTOPUS,32.93,31.86,32.93,31.75,60.89,24.35,5.01B,157.26M,47.18M,148.64K,30,,,,,,
2026-07-18,OGDC,323.65,317.94,325.9,316,352,220.99,1.37T,4.3B,645.14M,5.03M,15,5.03,36.17,39.85,0.97,8.79,0.78
2026-07-18,OLPM,24.7,25,25,24.5,25.98,19,1.13B,45.38M,34.04M,11.92K,75,13.32,3.44,9.88,0.85,6.39,-1.79
2026-07-18,OML,104,107.58,107.72,93.08,107.72,25.8,1.29B,12M,1.2M,85.56K,10,,,,,,
2026-07-18,ORM,10.65,10.36,10.71,10.28,16.79,9.2,777M,75M,26.25M,50.06K,35,,,,,,
2026-07-18,OTSU,410,401.51,425,399.99,447.94,254.95,4.86B,12.1M,3.02M,26.02K,25,0,28.78,8.39,4.52,13.95,1.82
2026-07-18,PAEL,42,41.83,42.55,41.6,64.6,32.01,38.64B,923.65M,508.01M,6.93M,55,0,4.46,5.86,0.77,9.38,0.32
2026-07-18,PAKD,127,126.43,128,125.99,252,85.01,1.5B,11.86M,5.06M,6.41K,42.63,,,,,,
2026-07-18,PAKOXY,297,287.11,297.8,283,356.68,206,25.01B,87.12M,21.78M,1.64K,25,0,22.58,14.35,2.01,10.63,0.15
2026-07-18,PAKQATAR,22.35,21.77,22.35,21.52,29.4,15.24,5.02B,230.71M,80.75M,639.51K,35,,,,,,
2026-07-18,PIBTL,16.85,16.5,16.88,16.45,22.97,9.33,29.47B,1.79B,803.74M,10.96M,45,0,1.18,14.81,1.68,13.99,7.89
2026-07-18,PICT,53.9,51.41,53.9,50.81,59.75,23.65,5.61B,109.15M,21.83M,713.79K,20,0,-1.17,-1281.2,4.14,-43.8,2.14
2026-07-18,PIM,22.7,24.5,24.68,22,31.33,16.16,490M,20M,1M,2.84K,5,,,,,,
2026-07-18,PIOC,284.99,280.01,285.7,276.11,427.5,200.01,63.6B,227.15M,34.07M,524.17K,15,3.57,24.32,14.8,1.26,11.51,0.18
2026-07-18,PKGS,790,795.92,798.18,786,855,610,71.14B,89.38M,17.88M,6.65K,20,2.09,-9.43,-0.43,1.08,-84.4,-3.57
2026-07-18,PMRS,542,529.82,542,505.01,835,260,1.99B,3.75M,387.66K,1.96K,10.34,0,-300.03,-3.27,0.45,-1.77,-0.12
2026-07-18,POML,166,164.5,179.94,158.1,240.95,113.11,1.28B,7.76M,3.11M,4.48K,40,,,,,,
2026-07-18,POWER,21.15,20.79,21.49,20.5,24.26,13.65,26.83B,1.29B,452.11M,1.06M,35.03,0,2.24,8.78,1.14,9.28,0.15
2026-07-18,PPL,225,219.74,226.44,219,284.6,161.13,597.91B,2.72B,669.51M,4.18M,24.61,3.87,28.99,33.84,0.8,7.58,
2026-07-18,PPP,135,135.48,138.99,135,279,91,1.08B,8M,4M,5.99K,50,2.98,17.67,7.84,0.6,5.77,0.3
2026-07-18,PQGTL,14.69,14.43,14.79,14.2,19.8,10.25,1.46B,101.11M,40.44M,187.18K,40,,,,,,
2026-07-18,PREMA,32.26,31.5,32.47,31.01,56.38,23,6.89B,218.64M,65.59M,873.7K,30,0,2.73,9.01,1.13,11.52,0.25
2026-07-18,PRL,41.8,44.59,45.7,41.5,45.7,23.2,28.09B,630M,227.29M,21.18M,36.08,0,19.07,3.89,0.73,1.48,0.01
2026-07-18,PSEL,903.6,907.94,924.85,891,1635,799,29.53B,32.52M,30.82M,867.6,94.76,0,5.58,1.22,0.66,184.72,5.65
2026-07-18,PSO,354.11,347.64,354.69,347.03,506.75,320.11,163.21B,469.47M,234.74M,2.6M,50,2.88,92.73,1.35,0.56,3.75,0.03
2026-07-18,PSYL,153,154.78,156,146.01,158,52.26,21.47B,138.7M,6.93M,13.15K,5,0,3.38,3.07,4.27,45.74,1.19
2026-07-18,PTL,58,56.68,58.5,56,65.88,45.12,9.52B,168M,42M,2.28M,25,7.06,6.4,3.09,1.18,8.86,
2026-07-18,QTECH,51.11,49.7,52.35,49.2,57.8,23.1,6.04B,121.58M,30.39M,3.06M,25,,,,,,
2026-07-18,QUICE,35.5,34.3,35.5,33.8,46.06,7.51,3.38B,98.46M,68.92M,858.51K,70,,,,,,
2026-07-18,REDCO,32,31.55,34.64,31,40.4,14.9,1.56B,49.29M,2.46M,6.79K,5,,,,,,
2026-07-18,REWM,165.11,166.7,177.44,165.11,244.05,96.02,5.14B,30.81M,10.78M,1.04K,35,,,,,,
2026-07-18,RMPL,9699,9248.79,9800,9200,13565.64,8500,85.43B,9.24M,461.82K,80,5,5.13,715.93,9.02,2.74,12.92,3.23
2026-07-18,RPL,17.09,16.5,17.2,16.43,25.05,12,2.34B,141.9M,44.42M,840.28K,31.3,0,0.13,0.16,0.27,130.95,-36.4
2026-07-18,RUPL,31.7,30.94,31.7,30.1,42.79,23.11,1.05B,34.07M,10.22M,4.38K,30,0,-20.94,-21.91,0.19,-1.48,0.03
2026-07-18,SANSM,122.01,121.59,130,121.55,148.99,41,1.45B,11.95M,6.57M,128.8,55,0,15.39,3.07,0.45,7.9,0.08
2026-07-18,SAPT,1445.01,1485.8,1445.01,1445.01,1606,1164,32.23B,21.69M,2.17M,53.4,10,0.67,387.04,5.77,0.4,3.84,0.25
2026-07-18,SARC,115,107.26,115,105.13,120.32,46.68,643.56M,6M,2.7M,77.34K,45,,,,,,
2026-07-18,SASML,435.99,399.01,435.99,371,469.49,70.9,4.16B,10.43M,2.61M,469.8,25,0.5,6.09,1.12,1.55,65.56,2.43
2026-07-18,SAZEW,2008,1982.65,2008,1980,2487,1151,119.84B,60.45M,21.16M,278.7K,35,3.53,303.75,12.89,3.37,6.53,0
2026-07-18,SCL,750.08,750.07,750.08,750.07,1125,288,2.93B,3.9M,195K,434.4,5,0,-53.91,-8.05,9.44,-13.91,1.05
2026-07-18,SEARL,92.8,91.52,93.59,91.1,137.44,76.37,53.83B,588.22M,294.11M,1.98M,50,0,2.04,6.01,1.57,44.95,185.25
2026-07-18,SEL,31,30.17,31.92,30,45.56,10.61,576.01M,19.09M,10.5M,18.02K,55,,,,,,
2026-07-18,SELECT,31,29.98,31.2,29.9,33.6,28.6,26.65B,888.89M,88.89M,4.02M,10,,,,,,
2026-07-18,SERT,63.16,62.27,69,62.27,84.49,19.17,858.55M,13.79M,2.07M,214.82K,15,,,,,,
2026-07-18,SGF,116.5,116.26,117.35,116,141.89,71.51,24B,206.47M,51.62M,282.12K,25,1.72,11.16,12.03,2.7,10.42,
2026-07-18,SGPL,103,97.59,106,97.59,129.07,7.2,1.74B,17.83M,16.05M,2.24M,90,,,,,,
2026-07-18,SHCM,44.05,50.61,50.61,44.05,96.58,30.52,892.6M,17.64M,1.76M,5.57K,10,,,,,,
2026-07-18,SHDT,57.8,57.11,61.11,56.55,81,36.46,1.3B,22.85M,8M,164.18K,35,,,,,,
2026-07-18,SHFA,535,529.69,541,526.06,615.28,424.13,33.48B,63.21M,28.45M,30.71K,45,0.94,41.05,8.72,2.02,12.9,0.26
2026-07-18,SHSML,390,385,390,385,549,326,8.13B,21.12M,7.39M,9.93K,35,5.19,41.33,4.41,0.63,9.32,0.86
2026-07-18,SIEM,1517.26,1533.99,1534,1517.26,1740,1335,12.65B,8.25M,412.35K,30.4,5,0,31.37,2.85,2.04,48.9,-2.52
2026-07-18,SINDM,23.75,22.81,23.75,22.8,41.25,12,1.03B,45M,4.5M,16.86K,10,,,,,,
2026-07-18,SITC,820.05,829.99,832.99,820.05,1060,516,17.79B,21.43M,6.43M,4.07K,30,1.33,65.36,4.3,0.89,12.7,0.76
2026-07-18,SLGL,16.5,16.31,16.78,16.21,26.5,13,6.88B,421.79M,126.54M,2.94M,30,,,,,,
2026-07-18,SLM,24.48,24.17,24.59,24.09,26.25,21.95,188.4B,7.79B,779.48M,5.56M,10,,,,,,
2026-07-18,SMCPL,43.25,42.48,43.25,41,57.3,23.52,1.06B,25M,7.5M,23.68K,30,,,,,,
2026-07-18,SNAI,37,37.05,39,35.6,43.9,24.5,739.7M,19.96M,6.99M,465.6,35,0,6.54,5.84,1.04,5.66,-0.6
2026-07-18,SNGP,110,107.49,110.98,106.5,142.6,83.2,68.17B,634.22M,253.69M,3.37M,40,2.57,22.94,1.17,0.86,3.86,-0.85
2026-07-18,SPEL,50.03,48.83,50.69,48.62,83.5,32.91,9.75B,199.74M,39.95M,1.16M,20,2.46,6.37,13,1.45,7.67,0.18
2026-07-18,SPSL,18.2,17.98,18.33,17.94,23.45,17.9,30.2B,1.68B,335.98M,5.8M,20,,,,,,
2026-07-18,SRR,16.3,16.26,16.4,16.23,21,15.26,536.58M,33M,13.2M,56.85K,40,,,,,,
2026-07-18,SRVI,2074.61,2055.26,2074.61,2020,2464,1130,96.57B,46.99M,23.49M,8.86K,50,0.85,223.93,6.65,3.69,6.25,0.09
2026-07-18,SSGC,29.31,28.93,29.49,28.77,46.23,19.02,25.48B,880.92M,336.86M,7.79M,38.24,1.17,-2.87,-0.65,1.94,10.95,88
2026-07-18,SSOM,461.01,461.82,468,450,1179.75,351.1,2.61B,5.66M,1.4M,15.95K,24.69,,,,,,
2026-07-18,STCL,11.2,11.22,11.45,11.15,19.4,8.55,2.69B,239.32M,131.63M,303.64K,55,0,-4.03,-8,1.54,-2.78,0.14
2026-07-18,STJT,145.95,140.53,158.4,131.25,162,70,1.36B,9.66M,1.45M,418.8,15,3.91,27.72,4.42,0.55,5.07,0.48
2026-07-18,STL,43.9,41.34,43.9,40.8,2231.81,40.8,4.45B,107.62M,43.05M,1.75M,40,,,,,,
2026-07-18,STML,58.99,58.17,63.12,52.51,63.12,22.8,502.59M,8.64M,2.59M,18.39K,30,0,-6.99,-1.76,0.66,-8.32,0.62
2026-07-18,STYLERS,52,52.31,53.56,50.2,61.12,36,25.57B,488.83M,24.44M,28.46K,5,2.87,2.28,5.99,1.88,22.98,
2026-07-18,SURC,140,137,140,136.99,152.48,88,6.69B,48.81M,9.76M,3.96K,20,3.65,29.17,5.06,0.46,4.7,0.81
2026-07-18,SYM,11.46,11.19,11.59,11.01,17.04,9.01,3.19B,285.25M,156.89M,1.86M,55,,,,,,
2026-07-18,SYS,141.12,137.11,142.45,136.12,174.4,105.98,202.02B,1.47B,957.71M,1.4M,65,1.46,7.86,13.4,3.27,17.43,0.23
2026-07-18,SZTM,104,100.51,109,98.1,127.25,36,1.81B,17.97M,1.8M,83.85K,10,,,,,,
2026-07-18,TATM,133,128.73,133.56,127.22,311,82,7.21B,55.99M,11.2M,36.77K,20,,,,,,
2026-07-18,TCORP,22.23,22.89,22.99,22.21,31.87,15.62,1.52B,66.21M,23.17M,49.53K,35,0,0.85,0.7,0.4,26.85,-1.46
2026-07-18,TELE,9.08,8.76,9.08,8.7,14.09,6.22,2.97B,338.62M,326M,7.67M,96.27,0,0.51,1.67,0.67,17.25,0.72
2026-07-18,TGL,195,189.92,195,188,291.5,128,32.7B,172.17M,68.87M,231.68K,40,3.69,24.49,13.38,1.33,7.76,0.25
2026-07-18,THCCL,67,67.63,69.8,65.1,103.5,42.52,33.72B,498.59M,174.51M,6.48M,35,0,7.24,24.4,3.31,9.34,0.05
2026-07-18,TICL,1038,981.39,1038,951.1,1270,371.99,14.74B,15.02M,226.46K,804.8,1.51,1.73,182.06,7.68,1.2,3.36,0.31
2026-07-18,TOMCL,39.69,37.93,39.8,37.75,75.85,28.3,7.45B,196.34M,107.99M,2.23M,55,0,1.84,2.74,1.13,20.62,2.25
2026-07-18,TOWL,125.66,123.42,126.55,122,195.95,92.5,2.1B,17M,3.4M,8.08K,20,,,,,,
2026-07-18,TPLRF1,10.2,10.09,10.5,10,18.39,7.5,18.52B,1.83B,1.38B,15.58M,75,,,,,,
2026-07-18,TREET,23.19,22.8,23.19,22.75,37,19.55,8.46B,371.03M,185.51M,2.2M,50,0,1.29,1.81,1.04,17.61,0.49
2026-07-18,TRSM,15.98,15.49,16.1,15.15,71.65,8,461.6M,29.8M,23.84M,842.36K,80,,,,,,
2026-07-18,UBDL,24.85,23.65,24.85,23.26,34.5,20.01,2.17B,91.8M,4.59M,6.98K,5,,,,,,
2026-07-18,UDLI,18.33,17.92,18.33,17.62,25.5,8.31,629.36M,35.12M,14.05M,58.27K,40,,,,,,
2026-07-18,UDPL,121,122.04,123.65,121,168.99,70.5,4.3B,35.27M,5.29M,19.77K,15,,,,,,
2026-07-18,UNITY,10.37,10.11,10.48,9.88,31.74,7.51,12.07B,1.19B,537.32M,5.72M,45,0,1.6,2.34,0.65,6.32,0.11
2026-07-18,UPFL,25302,25229,25490,25229,36971.47,22562.78,160.71B,6.37M,521.22K,45.6,8.18,5.78,1001.9,14.74,18.96,25.18,1.02
2026-07-18,WAFI,188.79,184.28,188.92,183.52,260,165,39.44B,214.02M,32.1M,127.42K,15,,,,,,
2026-07-18,WAHDAT,17.98,17.55,17.98,17.49,21.78,16.61,5.88B,335.22M,83.81M,357.69K,25,,,,,,
2026-07-18,WAHN,298,291.36,298,291,435,225.23,2.62B,9M,3.15M,3.81K,35,3.43,51.77,9.43,0.91,5.63,0.36
2026-07-18,WASL,6.14,5.99,6.14,5.87,6.14,4.31,962.7M,160.72M,96.43M,2.29M,60,,,,,,
2026-07-18,WAVES,10.64,10.6,10.88,10.44,16.95,8.02,2.98B,281.41M,196.98M,1.53M,70,0,1,5.91,0.3,10.55,-2.17
2026-07-18,ZAHID,88.98,84.86,90.89,84,161,32.69,16.24B,191.42M,5.94M,282.61K,3.11,0,7.93,3.96,0.74,10.7,0.82
2026-07-18,ZAL,41,40.2,41.29,40,79.5,23.11,10.55B,262.5M,65.62M,741.1K,25,,,,,,
2026-07-18,ZIL,370,346.22,370,345,722,300,2.12B,6.12M,306.13K,599.4,5,,,,,,
2026-07-18,ZTL,20.8,20.06,20.8,18.65,24.48,9.75,1.19B,59.43M,14.86M,139.1K,25,0,-0.82,-0.65,0.48,-24.52,3.17
